# files parsed: 687; parse failures: 0
status	note	area	location	kind	op	table	owned	constraint	key	expression
UNREAD		console	app/Console/Commands/ArchiveOldAuditLogs.php:24	raw	read	platform_audit_logs	convention:target	none:-	d25889f7be	\Illuminate\Support\Facades\DB::table('platform_audit_logs')->where('created_at', '<', $cutoff)->limit(500)->get()
UNREAD		console	app/Console/Commands/ArchiveOldAuditLogs.php:43	raw	WRITE	platform_audit_logs_archive	convention:target	none:-	7d248ad0d3	\Illuminate\Support\Facades\DB::table('platform_audit_logs_archive')->insert($archiveRows)
UNREAD		console	app/Console/Commands/ArchiveOldAuditLogs.php:44	raw	WRITE	platform_audit_logs	convention:target	key:other	f9e60695ff	\Illuminate\Support\Facades\DB::table('platform_audit_logs')->whereIn('id', $ids)->delete()
global	no tenant table: - — names no table	console	app/Console/Commands/AuditForeignReferences.php:45	raw	read	-	-	none:-	a644552f32	\Illuminate\Support\Facades\DB::statement('SET TRANSACTION READ ONLY')
global	no tenant table: - — names no table	console	app/Console/Commands/AuditForeignReferences.php:47	raw	read	-	-	none:-	0db75c8259	\Illuminate\Support\Facades\DB::statement("SET LOCAL statement_timeout = '120s'")
global	no tenant table: information_schema.columns — system catalog	console	app/Console/Commands/AuditForeignReferences.php:57	raw	read	information_schema.columns	-	mention:-	16b723b730	\Illuminate\Support\Facades\DB::select("select table_name from information_schema.columns\n where table_schema = current_schema() and column_name = 'shop_id'")
global	no tenant table: information_schema.table_constraints — system catalog; information_schema.key_column_usage — system catalog; information_schema.constraint_column_usage — system catalog	console	app/Console/Commands/AuditForeignReferences.php:59	raw	read	information_schema.table_constraints,information_schema.key_column_usage,information_schema.constraint_column_usage	-	none:-	d4fc8ffd73	\Illuminate\Support\Facades\DB::select("select kcu.table_name t, kcu.column_name c, ccu.table_name p\n from information_schema.table_constraints tc\n join information_schema.key_column_usage kcu on kcu.constraint_name = tc.constraint_name and kcu.table_schema = tc.table_schema\n join information_schema.constraint_column_usage ccu on ccu.constraint_name = tc.constraint_name and ccu.table_schema = tc.table_schema\n where tc.constraint_type = 'FOREIGN KEY' and tc.table_schema = current_schema() and ccu.column_name = 'id'")
global	no tenant table: information_schema.columns — system catalog	console	app/Console/Commands/AuditForeignReferences.php:64	raw	read	information_schema.columns	-	mention:-	6113dd41c9	\Illuminate\Support\Facades\DB::select("select table_name t, column_name c from information_schema.columns\n where table_schema = current_schema() and column_name like '%\\_id' and column_name <> 'shop_id'")
UNREAD		console	app/Console/Commands/AuditForeignReferences.php:112	raw	read	?	?	none:-	8136dba82f	\Illuminate\Support\Facades\DB::selectOne("select count(*) as n {$from}")
UNREAD		console	app/Console/Commands/AuditForeignReferences.php:118	raw	read	?	?	none:-	887e08d652	\Illuminate\Support\Facades\DB::select("select {$select} {$from} order by 1 limit ?", [max(1, (int) $this->option('examples'))])
global	no tenant table: pg_constraint — system catalog	console	app/Console/Commands/AuditMaterialGovernance.php:69	raw	read	pg_constraint	-	none:-	59abee7b52	\Illuminate\Support\Facades\DB::selectOne("SELECT pg_get_constraintdef(oid) AS def FROM pg_constraint WHERE conname = ?", [$constraintName])
global	no tenant table: information_schema.tables — system catalog	console	app/Console/Commands/AuditMaterialGovernance.php:136	raw	read	information_schema.tables	-	none:-	557c18514c	\Illuminate\Support\Facades\DB::select("SELECT table_name FROM information_schema.tables\n WHERE table_schema = 'public' AND table_name LIKE ?", [$prefix . '%'])
UNREAD		console	app/Console/Commands/AuditMaterialGovernance.php:196	raw	read	shop_enabled_metals	shop_id	none:-	1247274dc5	\Illuminate\Support\Facades\DB::table('shop_enabled_metals')->whereRaw('enabled IS TRUE')->whereNotIn('metal_type', $supportedAll)->get()
global	no tenant table: information_schema.triggers — system catalog	console	app/Console/Commands/AuditMaterialGovernance.php:243	raw	read	information_schema.triggers	-	none:-	6f19aeb493	\Illuminate\Support\Facades\DB::select("SELECT DISTINCT trigger_name FROM information_schema.triggers WHERE trigger_schema = 'public'")
UNREAD		console	app/Console/Commands/BackfillAccountingSnapshots.php:72	raw	read	?	?	none:-	253ee3a641	\Illuminate\Support\Facades\DB::table($table)->where(function (\Illuminate\Database\Query\Builder $builder) { $builder->whereNull('payment_method_label_snapshot')->orWhere('payment_method_label_snapshot', ''); })->orderBy('id')
UNREAD		console	app/Console/Commands/BackfillAccountingSnapshots.php:93	removed	read	shop_payment_methods	shop_id	key:other	d8a63106e2	\App\Models\ShopPaymentMethod::withoutTenant()->whereIn('id', $methodIds)->get()->keyBy('id')
UNREAD		console	app/Console/Commands/BackfillAccountingSnapshots.php:106	raw	WRITE	?	?	key:record?	cfb10868d8	\Illuminate\Support\Facades\DB::table($table)->where('id', $row->id)->update(['payment_method_label_snapshot' => $label])
UNREAD		console	app/Console/Commands/CheckShopHealthAlerts.php:42	unscoped	read	platform_audit_logs	convention:target	key:record?	08cb437cae	\App\Models\Platform\PlatformAuditLog::query()->where('action', 'shop.health_alert_low')->where('target_type', \App\Models\Shop::class)->where('target_id', $shop->id)->where('created_at', '>=', now()->subHours(24))->exists()
UNREAD		console	app/Console/Commands/CheckSubscriptionExpiry.php:29	unscoped	read	shop_subscriptions	shop_id	none:-	927fa4f64b	\App\Models\Platform\ShopSubscription::whereIn('status', ['active', 'trial'])->where('ends_at', '<', $today)->with('plan')->get()
UNREAD		console	app/Console/Commands/CheckSubscriptionExpiry.php:80	unscoped	WRITE	subscription_events	shop_id	insert:record?	e17ee1e215	\App\Models\Platform\SubscriptionEvent::create(['shop_subscription_id' => $subscription->id, 'shop_id' => $subscription->shop_id, 'admin_id' => null, 'event_type' => 'subscription.auto_expired', 'before' => $before, 'after' => $subscription->fresh()->toArray(), 'reason' => $superseded ? "Auto-transitioned to {$newStatus} by scheduler (superseded by a newer live subscription — shop unaffected)" : "Auto-transitioned to {$newStatus} by scheduler"])
UNREAD		console	app/Console/Commands/CheckSubscriptionExpiry.php:124	unscoped	read	shop_subscriptions	shop_id	none:-	24a2234461	\App\Models\Platform\ShopSubscription::where('status', 'grace')->whereNotNull('grace_ends_at')->where('grace_ends_at', '<', $today)->with('plan')->get()
UNREAD		console	app/Console/Commands/CheckSubscriptionExpiry.php:140	unscoped	WRITE	subscription_events	shop_id	insert:record?	f1e6a769ec	\App\Models\Platform\SubscriptionEvent::create(['shop_subscription_id' => $subscription->id, 'shop_id' => $subscription->shop_id, 'admin_id' => null, 'event_type' => 'subscription.grace_expired', 'before' => $before, 'after' => $subscription->fresh()->toArray(), 'reason' => "Grace period ended, transitioned to {$newStatus}"])
UNREAD		console	app/Console/Commands/CheckSubscriptionExpiry.php:205	unscoped	read	shops	self:id	key:via>record?	ac14cf9072	\App\Models\Shop::whereKey($shopId)->lockForUpdate()->first()
UNREAD		console	app/Console/Commands/CheckSubscriptionExpiry.php:258	unscoped	read	shop_subscriptions	shop_id	orkey:via>loop	c6ac2c83ac	\App\Models\Platform\ShopSubscription::where('shop_id', $subscription->shop_id)->where('id', '>', $subscription->id)->whereIn('status', ['trial', 'active', 'grace'])->exists()
UNREAD		console	app/Console/Commands/CheckSubscriptionExpiry.php:274	unscoped	read	shop_editions	shop_id	where:via>unowned	39a482865c	\App\Models\ShopEditionAssignment::query()->where('shop_id', $shop->id)->whereNull('deactivated_at')->get()
UNREAD		console	app/Console/Commands/CheckSubscriptionExpiry.php:319	unscoped	read	shops	self:id	key:via>loop	b9bc4b8b48	\App\Models\Shop::find($subscription->shop_id)
UNREAD		console	app/Console/Commands/CleanupScanSessions.php:17	unscoped	WRITE	scan_sessions	shop_id	none:-	93c15425e4	\App\Models\ScanSession::where('status', 'active')->where('expires_at', '<', now())->update(['status' => 'expired'])
UNREAD		console	app/Console/Commands/CleanupScanSessions.php:22	unscoped	WRITE	scan_events	via:scan_sessions	none:-	7f9cea7513	\App\Models\ScanEvent::where('created_at', '<', now()->subDay())->delete()
UNREAD		console	app/Console/Commands/CleanupScanSessions.php:25	unscoped	WRITE	scan_sessions	shop_id	none:-	611b2d371c	\App\Models\ScanSession::where('status', 'expired')->where('updated_at', '<', now()->subDays(7))->delete()
UNREAD		console	app/Console/Commands/DataQualitySignals.php:33	raw	read	shops	self:id	none:-	a37cec1c4f	\Illuminate\Support\Facades\DB::table('shops')->whereRaw('is_active = TRUE')->pluck('id')->all()
UNREAD		console	app/Console/Commands/DataQualitySignals.php:69	raw	read	job_orders	shop_id	raw:via>loop	061ec70e1e	\Illuminate\Support\Facades\DB::selectOne("\n SELECT COUNT(*) AS cnt\n FROM job_orders jo\n WHERE jo.shop_id = ?\n AND jo.status IN ('completed', 'partial_return')\n AND jo.returned_fine_weight IS NOT NULL\n AND jo.issued_fine_weight IS NOT NULL\n AND ABS(jo.returned_fine_weight - jo.issued_fine_weight) < 0.001\n AND jo.actual_wastage_fine IS NOT NULL\n AND jo.actual_wastage_fine = 0\n AND jo.updated_at > NOW() - INTERVAL '30 days'\n ", [$shopId])
UNREAD		console	app/Console/Commands/DataQualitySignals.php:96	raw	read	return_line_items,return_orders	return_line_items=shop_id return_orders=shop_id	raw:via>loop	9c77c9a768	\Illuminate\Support\Facades\DB::selectOne("\n SELECT\n COUNT(*) AS total_lines,\n COUNT(CASE WHEN condition IS NULL OR condition = '' THEN 1 END) AS missing_condition,\n ROUND(100.0 * COUNT(CASE WHEN condition IS NULL OR condition = '' THEN 1 END) / NULLIF(COUNT(*), 0), 1) AS missing_pct\n FROM return_line_items rli\n JOIN return_orders ro ON ro.id = rli.return_order_id\n WHERE ro.shop_id = ?\n AND ro.created_at > NOW() - INTERVAL '30 days'\n ", [$shopId])
UNREAD		console	app/Console/Commands/DataQualitySignals.php:123	raw	read	return_orders	shop_id	raw:via>loop	9c69fc04fd	\Illuminate\Support\Facades\DB::selectOne("\n SELECT\n COUNT(*) AS total_drafts,\n COUNT(CASE WHEN created_at < NOW() - INTERVAL '3 days' THEN 1 END) AS stale_drafts\n FROM return_orders\n WHERE shop_id = ?\n AND status = 'draft'\n AND created_at > NOW() - INTERVAL '30 days'\n ", [$shopId])
UNREAD		console	app/Console/Commands/DataQualitySignals.php:148	raw	read	invoices	shop_id	raw:via>loop	af0760d55e	\Illuminate\Support\Facades\DB::selectOne("\n SELECT COUNT(*) AS override_count\n FROM invoices\n WHERE shop_id = ?\n AND gst_override = TRUE\n AND created_at > NOW() - INTERVAL '30 days'\n ", [$shopId])
UNREAD		console	app/Console/Commands/DetectStuckStates.php:34	raw	read	shops	self:id	none:-	3573a82887	\Illuminate\Support\Facades\DB::table('shops')->whereRaw('is_active = TRUE')->pluck('id')->all()
UNREAD		console	app/Console/Commands/DetectStuckStates.php:70	raw	read	items	shop_id	raw:via>loop	f5dfd5fd20	\Illuminate\Support\Facades\DB::select("\n SELECT i.id, i.barcode, i.design, i.updated_at,\n EXTRACT(DAY FROM NOW() - i.updated_at)::int AS days_stuck\n FROM items i\n WHERE i.shop_id = ?\n AND i.status = 'pending_restock'\n AND i.updated_at < NOW() - INTERVAL '14 days'\n ORDER BY i.updated_at ASC\n ", [$shopId])
UNREAD		console	app/Console/Commands/DetectStuckStates.php:101	raw	read	items,job_orders	items=shop_id job_orders=shop_id	raw:via>loop	7b61337b70	\Illuminate\Support\Facades\DB::select("\n SELECT i.id, i.barcode, i.design, i.status,\n i.updated_at,\n EXTRACT(DAY FROM NOW() - i.updated_at)::int AS days_stuck\n FROM items i\n WHERE i.shop_id = ?\n AND i.status = 'with_karigar'\n AND i.updated_at < NOW() - INTERVAL '30 days'\n AND NOT EXISTS (\n SELECT 1 FROM job_orders jo\n WHERE jo.source_item_id = i.id\n AND jo.status IN ('issued', 'partial_return')\n )\n ORDER BY i.updated_at ASC\n ", [$shopId])
UNREAD		console	app/Console/Commands/DetectStuckStates.php:139	raw	read	job_orders,karigars	job_orders=shop_id karigars=shop_id	raw:via>loop	52774bf1d8	\Illuminate\Support\Facades\DB::select("\n SELECT jo.id, jo.job_order_number, jo.status, k.name AS karigar_name,\n EXTRACT(DAY FROM NOW() - jo.updated_at)::int AS days_stuck\n FROM job_orders jo\n JOIN karigars k ON k.id = jo.karigar_id\n WHERE jo.shop_id = ?\n AND jo.status = 'partial_return'\n AND jo.updated_at < NOW() - INTERVAL '21 days'\n ORDER BY jo.updated_at ASC\n ", [$shopId])
UNREAD		console	app/Console/Commands/DetectStuckStates.php:171	raw	read	return_orders,customers	return_orders=shop_id customers=shop_id	raw:via>loop	66fbaef56f	\Illuminate\Support\Facades\DB::select("\n SELECT ro.id, ro.created_at,\n COALESCE(c.first_name || ' ' || c.last_name, 'Walk-in') AS customer_name\n FROM return_orders ro\n LEFT JOIN customers c ON c.id = ro.customer_id\n WHERE ro.shop_id = ?\n AND ro.status = 'draft'\n AND ro.created_at < NOW() - INTERVAL '7 days'\n ORDER BY ro.created_at ASC\n ", [$shopId])
UNREAD		console	app/Console/Commands/DetectStuckStates.php:201	raw	read	repairs,customers	repairs=shop_id customers=shop_id	raw:via>loop	563b30b499	\Illuminate\Support\Facades\DB::select("\n SELECT r.id, r.repair_number, r.item_description, r.status,\n r.updated_at,\n COALESCE(c.first_name || ' ' || c.last_name, 'Walk-in') AS customer_name,\n EXTRACT(DAY FROM NOW() - r.updated_at)::int AS days_stuck\n FROM repairs r\n LEFT JOIN customers c ON c.id = r.customer_id\n WHERE r.shop_id = ?\n AND r.status IN ('received', 'in_repair')\n AND r.updated_at < NOW() - INTERVAL '21 days'\n ORDER BY r.updated_at ASC\n ", [$shopId])
UNREAD		console	app/Console/Commands/DevOnboardComplete.php:36	unscoped	read	users	shop_id	none:-	ab6120f081	\App\Models\User::where('mobile_number', $this->argument('mobile'))->first()
global	no tenant table: plans — plan catalog	console	app/Console/Commands/DevOnboardComplete.php:45	unscoped	read	plans	-	token:other	9280820641	\App\Models\Platform\Plan::whereRaw('is_active IS TRUE')->where('code', "{$type}_monthly")->first()
UNREAD		console	app/Console/Commands/DhiranAccrueInterest.php:21	removed	read	dhiran_settings	shop_id	none:-	4b21ffbc54	\App\Models\Dhiran\DhiranSettings::withoutGlobalScope('shop')->whereRaw('is_enabled IS TRUE')->get()
UNREAD		console	app/Console/Commands/DhiranForfeitureCheck.php:19	removed	read	dhiran_settings	shop_id	none:-	352ee2e1fa	\App\Models\Dhiran\DhiranSettings::withoutGlobalScope('shop')->whereRaw('is_enabled IS TRUE')->get()
UNREAD		console	app/Console/Commands/DhiranOverdueReminder.php:19	removed	read	dhiran_settings	shop_id	none:-	782a9eb91a	\App\Models\Dhiran\DhiranSettings::withoutGlobalScope('shop')->whereRaw('is_enabled IS TRUE')->whereRaw('sms_reminders_enabled IS TRUE')->get()
UNREAD		console	app/Console/Commands/ExpireLoyaltyPoints.php:33	unscoped	read	shops	self:id	none:-	f0fe99a568	\App\Models\Shop::active()->orderBy('id')->pluck('id')
UNREAD		console	app/Console/Commands/OptimizeExistingImages.php:52	raw	read	?	?	none:-	74b94304df	\Illuminate\Support\Facades\DB::table($t['table'])->select(array_merge(['id'], $cols))->get()
UNREAD		console	app/Console/Commands/OptimizeExistingImages.php:91	raw	WRITE	?	?	key:record?	0845ebc45b	\Illuminate\Support\Facades\DB::table($t['table'])->where('id', $row->id)->update($update)
UNREAD		console	app/Console/Commands/PaymentRaceHarness.php:113	removed	read	roles	shop_id	where:record?	1ee78a1b22	\App\Models\Role::withoutTenant()->where('shop_id', $shop->id)->firstOrFail()
UNREAD		console	app/Console/Commands/PaymentRaceHarness.php:114	unscoped	WRITE	users	shop_id	insert:record?	fc459a48c8	\App\Models\User::factory()->create(['shop_id' => $shop->id, 'role_id' => $role->id, 'is_active' => true])
UNREAD		console	app/Console/Commands/PaymentRaceHarness.php:140	removed	read	invoices	shop_id	key:property	ac5a592ba7	\App\Models\Invoice::withoutTenant()->findOrFail($invoiceId)
UNREAD		console	app/Console/Commands/PaymentRaceHarness.php:142	raw	read	invoice_payments	shop_id	key:property	999eff5a21	\Illuminate\Support\Facades\DB::table('invoice_payments')->where('invoice_id', $invoiceId)->sum('amount')
UNREAD		console	app/Console/Commands/PaymentRaceHarness.php:147	raw	read	invoice_payments	shop_id	key:property	dd1fc2a4b5	\Illuminate\Support\Facades\DB::table('invoice_payments')->where('invoice_id', $invoiceId)->count()
UNREAD		console	app/Console/Commands/PaymentRaceHarness.php:150	raw	read	invoice_payment_claims	shop_id	key:property	40e4e07317	\Illuminate\Support\Facades\DB::table('invoice_payment_claims')->where('invoice_id', $invoiceId)->count()
UNREAD		console	app/Console/Commands/PaymentRaceHarness.php:151	raw	read	cash_transactions	shop_id	key:property	043de053ad	\Illuminate\Support\Facades\DB::table('cash_transactions')->where('invoice_id', $invoiceId)->count()
UNREAD		console	app/Console/Commands/PaymentRaceHarness.php:153	raw	read	audit_logs	shop_id	key:property	51f2caa1c1	\Illuminate\Support\Facades\DB::table('audit_logs')->where('model_type', 'invoice')->where('model_id', $invoiceId)->where('action', 'invoice_payment_recorded')->count()
UNREAD		console	app/Console/Commands/PaymentRaceHarness.php:170	raw	read	invoices	shop_id	none:-	9334a11886	\Illuminate\Support\Facades\DB::table('invoices')->where('invoice_number', 'like', 'INV-' . self::MARKER . '-%')->pluck('id')
UNREAD		console	app/Console/Commands/PaymentRaceHarness.php:181	raw	WRITE	audit_logs	shop_id	key:unowned	e1d69a876a	\Illuminate\Support\Facades\DB::table('audit_logs')->where('model_type', 'invoice')->whereIn('model_id', $invoiceIds)->delete()
UNREAD		console	app/Console/Commands/PaymentRaceHarness.php:185	raw	WRITE	cash_transactions	shop_id	key:unowned	8112982237	\Illuminate\Support\Facades\DB::table('cash_transactions')->whereIn('invoice_id', $invoiceIds)->delete()
UNREAD		console	app/Console/Commands/PaymentRaceHarness.php:186	raw	WRITE	invoice_payment_claims	shop_id	key:unowned	ab710199dd	\Illuminate\Support\Facades\DB::table('invoice_payment_claims')->whereIn('invoice_id', $invoiceIds)->delete()
UNREAD		console	app/Console/Commands/PaymentRaceHarness.php:187	raw	WRITE	invoice_payments	shop_id	key:unowned	fac9939afc	\Illuminate\Support\Facades\DB::table('invoice_payments')->whereIn('invoice_id', $invoiceIds)->delete()
UNREAD		console	app/Console/Commands/PaymentRaceHarness.php:188	raw	WRITE	invoices	shop_id	key:unowned	dffeec5856	\Illuminate\Support\Facades\DB::table('invoices')->whereIn('id', $invoiceIds)->delete()
global	no tenant table: platform_admins — platform staff	console	app/Console/Commands/PlatformAdminResetPassword.php:30	unscoped	read	platform_admins	-	none:-	44cf31fcf5	\App\Models\Platform\PlatformAdmin::where('email', $email)->first()
global	no tenant table: platform_admins — platform staff	console	app/Console/Commands/PlatformAdminUpdateContact.php:26	unscoped	read	platform_admins	-	none:-	95a0eed645	\App\Models\Platform\PlatformAdmin::where('email', $identifier)->orWhere('mobile_number', $identifier)->first()
UNREAD		console	app/Console/Commands/ProcessSchemeMaturity.php:30	raw	read	shops	self:id	none:-	9b3624cd90	\Illuminate\Support\Facades\DB::table('shops')->whereRaw('is_active = TRUE')->pluck('id')->all()
UNREAD		console	app/Console/Commands/PruneExpiredUploads.php:22	unscoped	read	pending_uploads	shop_id	none:-	36b3eec4ae	\App\Models\PendingUpload::pending()->where('expires_at', '<', now())->get()
UNREAD		console	app/Console/Commands/PruneExpiredUploads.php:27	unscoped	read	pending_uploads	shop_id	none:-	af204e82c2	\App\Models\PendingUpload::consumable()->where('expires_at', '<', now()->subHours(24))->get()
UNREAD		console	app/Console/Commands/PruneExpiredUploads.php:32	unscoped	read	pending_uploads	shop_id	none:-	2107dc9459	\App\Models\PendingUpload::where('status', 'failed')->where('created_at', '<', now()->subDays(7))->get()
UNREAD		console	app/Console/Commands/PruneIdempotencyKeys.php:85	unscoped	WRITE	idempotency_keys	shop_id	none:-	7006ea876d	\App\Models\IdempotencyKey::where('created_at', '<', $cutoff)->whereBetween('response_status', [200, 299])->delete()
UNREAD		console	app/Console/Commands/PruneIdempotencyKeys.php:91	unscoped	read	idempotency_keys	shop_id	none:-	46fd40ad60	\App\Models\IdempotencyKey::where('created_at', '<', $cutoff)->where(fn($q) => $q->where('response_status', '<', 100)->orWhere('response_status', '>', 599))->count()
UNREAD		console	app/Console/Commands/PruneIdempotencyKeys.php:95	unscoped	read	idempotency_keys	shop_id	none:-	14b8166be2	\App\Models\IdempotencyKey::where('created_at', '<', $cutoff)->whereBetween('response_status', [100, 599])->where(fn($q) => $q->where('response_status', '<', 200)->orWhere('response_status', '>', 299))->count()
UNREAD		console	app/Console/Commands/RecomputeStorageStats.php:18	unscoped	read	shops	self:id	none:-	6acdcde2ba	\App\Models\Shop::query()->select(['id'])->get()
UNREAD		console	app/Console/Commands/RecomputeStorageStats.php:55	unscoped	WRITE	shop_storage_stats	shop_id	where:record?	d1abf6b36f	\App\Models\ShopStorageStat::updateOrCreate(['shop_id' => $shop->id], ['file_count' => $totalFiles, 'total_bytes' => $totalBytes, 'breakdown' => $breakdown, 'computed_at' => now()])
UNREAD		console	app/Console/Commands/ReconcileIdempotencyClaim.php:62	unscoped	read	idempotency_keys	shop_id	key:property	c06220f736	\App\Models\IdempotencyKey::find((int) $this->option('reconcile'))
UNREAD		console	app/Console/Commands/ReconcileIdempotencyClaim.php:104	unscoped	read	idempotency_keys	shop_id	key:via>unowned	a1bc5a2a36	\App\Models\IdempotencyKey::whereKey($claim->id)->lockForUpdate()->first()
UNREAD		console	app/Console/Commands/ReconcileIdempotencyClaim.php:154	unscoped	read	idempotency_keys	shop_id	none:-	5fb20c4fa9	\App\Models\IdempotencyKey::query()->where(fn($q) => $q->where('response_status', '<', 100)->orWhere('response_status', '>', 599))->orderBy('created_at')->get()->map(fn(\App\Models\IdempotencyKey $claim) => $this->row($claim))->all()
UNREAD		console	app/Console/Commands/ReconcileKarigarBalances.php:33	raw	read	job_orders	shop_id	mention:-	51b128ee46	\Illuminate\Support\Facades\DB::table('job_orders')->distinct()->pluck('shop_id')->all()
UNREAD		console	app/Console/Commands/ReconcileKarigarBalances.php:65	raw	read	shops	self:id	key:via>loop	6e75a2624b	\Illuminate\Support\Facades\DB::table('shops')->where('id', $shopId)->value('environment')
UNREAD		console	app/Console/Commands/ReconcileKarigarBalances.php:79	raw	read	karigars,job_orders	karigars=shop_id job_orders=shop_id	raw:via>loop	914cac26e0	\Illuminate\Support\Facades\DB::select("\n SELECT k.id, k.name,\n COALESCE(jo.metal_type, 'unknown') AS metal_type,\n COUNT(jo.id) AS open_jobs,\n COALESCE(SUM(jo.issued_fine_weight\n - COALESCE(jo.returned_fine_weight, 0)\n - COALESCE(jo.leftover_returned_fine_weight, 0)\n - COALESCE(jo.retained_returned_fine_weight, 0)\n - COALESCE(jo.actual_wastage_fine, 0)), 0) AS outstanding_fine\n FROM karigars k\n JOIN job_orders jo ON jo.karigar_id = k.id\n WHERE jo.shop_id = ?\n AND jo.status IN ('issued', 'partial_return')\n GROUP BY k.id, k.name, jo.metal_type\n ORDER BY k.name ASC, metal_type ASC\n ", [$shopId])
UNREAD		console	app/Console/Commands/ReconcileKarigarBalances.php:122	raw	read	metal_lots	shop_id	raw:via>loop	1bc4d78e27	\Illuminate\Support\Facades\DB::select("\n SELECT COALESCE(metal_type, 'unknown') AS metal_type,\n COALESCE(SUM(fine_weight_remaining), 0) AS held_fine\n FROM metal_lots\n WHERE shop_id = ? AND source = 'karigar_held'\n GROUP BY metal_type\n ", [$shopId])
UNREAD		console	app/Console/Commands/ReconcileKarigarBalances.php:140	raw	read	job_orders,karigars	job_orders=shop_id karigars=shop_id	raw:via>mixed(loop,property)	4788a49794	\Illuminate\Support\Facades\DB::select("\n SELECT jo.id, jo.job_order_number, jo.job_type, jo.status,\n k.name AS karigar_name,\n jo.issued_fine_weight,\n EXTRACT(DAY FROM NOW() - jo.issue_date)::int AS days_open\n FROM job_orders jo\n JOIN karigars k ON k.id = jo.karigar_id\n WHERE jo.shop_id = ?\n AND jo.status IN ('issued', 'partial_return')\n AND jo.issue_date < NOW() - (INTERVAL '1 day' * ?)\n ORDER BY jo.issue_date ASC\n ", [$shopId, $daysOverdue])
UNREAD		console	app/Console/Commands/ReconcileKarigarBalances.php:175	raw	read	items,job_orders	items=shop_id job_orders=shop_id	raw:via>loop	aa65d80a89	\Illuminate\Support\Facades\DB::select("\n SELECT i.id, i.barcode, i.design, i.status,\n i.updated_at\n FROM items i\n WHERE i.shop_id = ?\n AND i.status = 'with_karigar'\n AND NOT EXISTS (\n SELECT 1 FROM job_orders jo\n WHERE jo.source_item_id = i.id\n AND jo.status IN ('issued', 'partial_return')\n )\n ORDER BY i.updated_at ASC\n ", [$shopId])
UNREAD		console	app/Console/Commands/ReconcileKarigarBalances.php:213	raw	read	metal_lots	shop_id	raw:via>loop	5184d9efc6	\Illuminate\Support\Facades\DB::select("\n SELECT COALESCE(metal_type, 'unknown') AS metal_type,\n COALESCE(SUM(fine_weight_remaining), 0) AS vault_fine\n FROM metal_lots\n WHERE shop_id = ? AND source <> 'karigar_held'\n GROUP BY metal_type\n ORDER BY metal_type\n ", [$shopId])
UNREAD		console	app/Console/Commands/ReconcileRateShadowWrite.php:41	raw	read	shop_daily_metal_rates	shop_id	none:-	91613c60c1	\Illuminate\Support\Facades\DB::table('shop_daily_metal_rates')
UNREAD		console	app/Console/Commands/ReconcileRateShadowWrite.php:65	raw	read	shop_daily_metal_rate_entries	shop_id	where:record?	e409aaa7d9	\Illuminate\Support\Facades\DB::table('shop_daily_metal_rate_entries')->where('shop_id', $legacy->shop_id)->whereDate('business_date', $legacy->business_date)->whereIn('metal_type', ['gold', 'silver'])->pluck('rate_per_gram', 'metal_type')
UNREAD		console	app/Console/Commands/ReconcileRateShadowWrite.php:107	embedded	read	shop_daily_metal_rates	shop_id	frag:shop_id	8a1e4b60be	\Illuminate\Support\Facades\DB::table('shop_daily_metal_rate_entries as new')->leftJoin('shop_daily_metal_rates as legacy', function ($join): void { $join->on('legacy.shop_id', '=', 'new.shop_id')->on('legacy.business_date', '=', 'new.business_date'); })->whereNull('legacy.id')->whereIn('new.metal_type', ['gold', 'silver'])
UNREAD		console	app/Console/Commands/ReconcileRateShadowWrite.php:107	raw	read	shop_daily_metal_rate_entries	shop_id	mention:-	c22fdec6c0	\Illuminate\Support\Facades\DB::table('shop_daily_metal_rate_entries as new')->leftJoin('shop_daily_metal_rates as legacy', function ($join): void { $join->on('legacy.shop_id', '=', 'new.shop_id')->on('legacy.business_date', '=', 'new.business_date'); })->whereNull('legacy.id')->whereIn('new.metal_type', ['gold', 'silver'])
UNREAD		console	app/Console/Commands/ReconcileVaultBalances.php:29	raw	read	shops	self:id	none:-	d5571190e8	\Illuminate\Support\Facades\DB::table('shops')->whereRaw('is_active = TRUE')->pluck('id')->all()
UNREAD		console	app/Console/Commands/ReconcileVaultBalances.php:69	raw	read	metal_lots,metal_movements	metal_lots=shop_id metal_movements=shop_id	raw:via>mixed(loop,other)	fa89d88235	\Illuminate\Support\Facades\DB::select("\n SELECT\n ml.id,\n ml.lot_number,\n COALESCE(ml.metal_type, 'unknown') AS metal_type,\n ml.fine_weight_remaining AS stored,\n (\n COALESCE(SUM(CASE WHEN mm.to_lot_id = ml.id THEN mm.fine_weight ELSE 0 END), 0)\n - COALESCE(SUM(CASE WHEN mm.from_lot_id = ml.id THEN mm.fine_weight ELSE 0 END), 0)\n ) AS ledger_balance,\n ml.fine_weight_remaining - (\n COALESCE(SUM(CASE WHEN mm.to_lot_id = ml.id THEN mm.fine_weight ELSE 0 END), 0)\n - COALESCE(SUM(CASE WHEN mm.from_lot_id = ml.id THEN mm.fine_weight ELSE 0 END), 0)\n ) AS discrepancy\n FROM metal_lots ml\n LEFT JOIN metal_movements mm\n ON (mm.from_lot_id = ml.id OR mm.to_lot_id = ml.id)\n AND mm.shop_id = ml.shop_id\n WHERE ml.shop_id = ?\n GROUP BY ml.id\n HAVING ABS(\n ml.fine_weight_remaining - (\n COALESCE(SUM(CASE WHEN mm.to_lot_id = ml.id THEN mm.fine_weight ELSE 0 END), 0)\n - COALESCE(SUM(CASE WHEN mm.from_lot_id = ml.id THEN mm.fine_weight ELSE 0 END), 0)\n )\n ) > ?\n ORDER BY ml.id\n ", [$shopId, self::TOLERANCE])
UNREAD		console	app/Console/Commands/ReconcileVaultBalances.php:101	raw	read	metal_lots	shop_id	raw:via>loop	58664c4308	\Illuminate\Support\Facades\DB::select("\n SELECT\n COALESCE(metal_type, 'unknown') AS metal_type,\n COUNT(*) AS lots_count,\n SUM(fine_weight_remaining) AS total_fine\n FROM metal_lots\n WHERE shop_id = ?\n GROUP BY metal_type\n ORDER BY metal_type\n ", [$shopId])
UNREAD		console	app/Console/Commands/ReconcileVaultBalances.php:203	raw	read	shops	self:id	key:via>loop	b73839791f	\Illuminate\Support\Facades\DB::table('shops')->where('id', $shopId)->value('environment')
UNREAD		console	app/Console/Commands/ReconcileVaultBalances.php:232	embedded	read	vault_reconciliation_runs	shop_id	mention:-	393ba8adb3	\Illuminate\Support\Facades\DB::table('acknowledged_vault_discrepancies as a')->join('vault_reconciliation_runs as r', 'r.id', '=', 'a.reconciliation_run_id')->where('a.shop_id', $shopId)->pluck('r.discrepancy_lots')
UNREAD		console	app/Console/Commands/ReconcileVaultBalances.php:232	raw	read	acknowledged_vault_discrepancies	shop_id	where:via>loop	45725b8ddd	\Illuminate\Support\Facades\DB::table('acknowledged_vault_discrepancies as a')->join('vault_reconciliation_runs as r', 'r.id', '=', 'a.reconciliation_run_id')->where('a.shop_id', $shopId)->pluck('r.discrepancy_lots')
UNREAD		console	app/Console/Commands/ReconcileVaultBalances.php:263	raw	read	users	shop_id	where:via>loop	19429174d3	\Illuminate\Support\Facades\DB::table('users')->where('shop_id', $shopId)->orderBy('id')->value('id')
UNREAD		console	app/Console/Commands/RelocateKarigarInvoiceAttachments.php:159	raw	read	?	?	where:property	fd491941aa	\Illuminate\Support\Facades\DB::table(static::TABLE)->select('id', 'shop_id', static::PATH_COLUMN . ' as path', static::DISK_COLUMN . ' as disk')->whereNotNull(static::PATH_COLUMN)->when($this->option('shop'), fn($q) => $q->where('shop_id', (int) $this->option('shop')))->orderBy('id')
UNREAD		console	app/Console/Commands/RelocateKarigarInvoiceAttachments.php:228	raw	WRITE	?	?	key:record?	4cd993058f	\Illuminate\Support\Facades\DB::table(static::TABLE)->where('id', $row->id)->where(static::DISK_COLUMN, self::SOURCE_DISK)->where(static::PATH_COLUMN, $path)->update([static::DISK_COLUMN => $this->targetDisk()])
UNREAD		console	app/Console/Commands/RelocateKarigarInvoiceAttachments.php:237	raw	read	?	?	key:record?	690fae55ea	\Illuminate\Support\Facades\DB::table(static::TABLE)->where('id', $row->id)->first([static::PATH_COLUMN . ' as path', static::DISK_COLUMN . ' as disk'])
UNREAD		console	app/Console/Commands/RelocateShopSignatures.php:143	raw	read	shop_billing_settings	shop_id	where:property	6ac7230b13	\Illuminate\Support\Facades\DB::table('shop_billing_settings')->select('id', 'shop_id', 'digital_signature_path', 'digital_signature_disk')->whereNotNull('digital_signature_path')->when($this->option('shop'), fn($q) => $q->where('shop_id', (int) $this->option('shop')))->orderBy('shop_id')
UNREAD		console	app/Console/Commands/RelocateShopSignatures.php:258	raw	WRITE	shop_billing_settings	shop_id	key:record?	59eb707616	\Illuminate\Support\Facades\DB::table('shop_billing_settings')->where('id', $row->id)->where('digital_signature_disk', self::SOURCE_DISK)->where('digital_signature_path', $path)->update(['digital_signature_disk' => $this->targetDisk()])
UNREAD		console	app/Console/Commands/RelocateShopSignatures.php:279	raw	read	shop_billing_settings	shop_id	key:record?	a23a7f93b4	\Illuminate\Support\Facades\DB::table('shop_billing_settings')->where('id', $row->id)->first(['digital_signature_path', 'digital_signature_disk'])
UNREAD		console	app/Console/Commands/RelocateShopSignatures.php:352	raw	read	shop_billing_settings	shop_id	none:-	b17975ab02	\Illuminate\Support\Facades\DB::table('shop_billing_settings')->whereNotNull('digital_signature_path')->pluck('digital_signature_path')->flip()
UNREAD		console	app/Console/Commands/RepairTrialTermSubscriptions.php:85	unscoped	WRITE	subscription_events	shop_id	insert:record?	48c1aa0acf	\App\Models\Platform\SubscriptionEvent::create(['shop_subscription_id' => $subscription->id, 'shop_id' => $subscription->shop_id, 'admin_id' => null, 'event_type' => 'subscription.repaired', 'before' => $before, 'after' => $subscription->fresh()->toArray(), 'reason' => 'Yearly-trial bug correction (Phase 1 data repair)'])
UNREAD		console	app/Console/Commands/RepairTrialTermSubscriptions.php:108	unscoped	read	shops	self:id	key:record?	637af7d3be	\App\Models\Shop::whereKey($subscription->shop_id)->lockForUpdate()->first()
UNREAD		console	app/Console/Commands/RepairTrialTermSubscriptions.php:152	unscoped	read	shop_subscriptions	shop_id	none:-	71e06c4339	\App\Models\Platform\ShopSubscription::query()->with('plan')->whereNotNull('razorpay_payment_id')->where('price_paid', '>', 0)->whereNotNull('starts_at')->whereNotNull('ends_at')->where(function ($q) { // Yearly subs whose term is <= starts_at + 31 days. $q->where(function ($yearly) { $yearly->where('billing_cycle', 'yearly')->whereRaw("ends_at <= starts_at + INTERVAL '31 days'"); })->orWhere(function ($monthly) { $monthly->where('billing_cycle', 'monthly')->whereRaw("ends_at <= starts_at + INTERVAL '8 days'"); }); })->orderBy('id')->get()
UNREAD		console	app/Console/Commands/Reporting/AuditExportFiles.php:42	removed	read	report_exports	shop_id	mention:-	2ecc8b43bb	\App\Models\Reporting\ReportExport::withoutGlobalScopes()->whereNotNull('file_path')->orderBy('id')->get(['id', 'shop_id', 'user_id', 'report_key', 'status', 'file_disk', 'file_path', 'generated_at'])
UNREAD		console	app/Console/Commands/Reporting/AuditExportFiles.php:72	removed	read	report_exports	shop_id	none:-	3254aead5f	\App\Models\Reporting\ReportExport::withoutGlobalScopes()->where('mode', 'queued')->where('status', 'done')->whereNull('notified_at')->count()
UNREAD		console	app/Console/Commands/Reporting/AuditExportFiles.php:201	raw	read	notifications	convention:notifiable	none:-	afba4f22aa	\Illuminate\Support\Facades\DB::table('notifications')->whereRaw("(data::jsonb ->> 'export_id') = ?", [(string) $exportId])->count()
UNREAD		console	app/Console/Commands/Reporting/NotifyExport.php:31	removed	read	report_exports	shop_id	none:-	8c091a39b6	\App\Models\Reporting\ReportExport::withoutGlobalScopes()->where('mode', \App\Services\Reporting\ExportAuditService::MODE_QUEUED)->where('status', \App\Services\Reporting\ExportAuditService::STATUS_DONE)->whereNull('notified_at')->where('expires_at', '>', now())->orderBy('id')->get()
UNREAD		console	app/Console/Commands/Reporting/NotifyExport.php:52	removed	read	report_exports	shop_id	key:property	a36d894d06	\App\Models\Reporting\ReportExport::withoutGlobalScopes()->find((int) $this->argument('export'))
UNREAD		console	app/Console/Commands/Reporting/SweepExpiredExports.php:28	removed	read	report_exports	shop_id	none:-	7cd946254a	\App\Models\Reporting\ReportExport::withoutTenant()->where('status', \App\Services\Reporting\ExportAuditService::STATUS_DONE)->whereNotNull('file_path')->whereNotNull('expires_at')->where('expires_at', '<', $now)->chunkById(200, function ($exports) use (&$swept): void { foreach ($exports as $export) { if ($export->file_disk !== null && \Illuminate\Support\Facades\Storage::disk($export->file_disk)->exists($export->file_path)) { \Illuminate\Support\Facades\Storage::disk($export->file_disk)->delete($export->file_path); } $export->update(['file_disk' => null, 'file_path' => null]); $swept++; } })
UNREAD		console	app/Console/Commands/ResyncTenantPermissions.php:35	unscoped	read	shops	self:id	none:-	7e7cab508c	\App\Models\Shop::query()->pluck('id')
UNREAD		console	app/Console/Commands/ValidateReportTotals.php:44	raw	read	shops	self:id	none:-	a5a6196c9e	\Illuminate\Support\Facades\DB::table('shops')->whereRaw('is_active = TRUE')->pluck('id')->all()
UNREAD		console	app/Console/Commands/ValidateReportTotals.php:94	removed	read	invoices	shop_id	where:via>loop	9e28963bfc	\App\Models\Invoice::withoutTenant()->where('shop_id', $shopId)->salesIn($period)->sum('gst')
UNREAD		console	app/Console/Commands/ValidateReportTotals.php:107	removed	read	invoices	shop_id	where:via>loop	f4651d97d5	\App\Models\Invoice::withoutTenant()->where('shop_id', $shopId)->salesIn($period)->whereNotNull('cgst_amount')->whereRaw('ABS(COALESCE(cgst_amount,0) + COALESCE(sgst_amount,0) + COALESCE(igst_amount,0) - gst) > ?', [self::TOLERANCE])->count()
UNREAD		console	app/Console/Commands/ValidateReportTotals.php:122	removed	read	credit_notes	shop_id	where:via>loop	3292ad2a51	\App\Models\CreditNote::withoutTenant()->where('shop_id', $shopId)->whereBetween('issued_at', [$start, $end])->whereNotNull('cgst_amount')->whereRaw('ABS(COALESCE(cgst_amount,0) + COALESCE(sgst_amount,0) + COALESCE(igst_amount,0) - gst) > ?', [self::TOLERANCE])->count()
UNREAD		console	app/Console/Commands/ValidateReportTotals.php:240	removed	read	invoices	shop_id	where:via>loop	4e95bfb037	\App\Models\Invoice::withoutTenant()->where('shop_id', $shopId)->salesIn($period)->sum('total')
UNREAD		console	app/Console/Commands/ValidateReportTotals.php:250	removed	read	invoices	shop_id	where:via>loop	dacc96ae9d	\App\Models\Invoice::withoutTenant()->where('shop_id', $shopId)->salesIn($period)->pluck('id')->all()
UNREAD		console	app/Console/Commands/ValidateReportTotals.php:251	raw	read	invoice_payments	shop_id	key:unowned	82012b65c2	\Illuminate\Support\Facades\DB::table('invoice_payments')->where('shop_id', $shopId)->whereIn('invoice_id', $ids)->sum('amount')
UNREAD		console	app/Console/Commands/ValidateReportTotals.php:307	raw	read	invoices	shop_id	where:via>loop	4ec95c1ae3	\Illuminate\Support\Facades\DB::table('invoices as i')->where('i.shop_id', $shopId)->where('i.status', \App\Models\Invoice::STATUS_FINALIZED)->leftJoinSub(\Illuminate\Support\Facades\DB::table('invoice_payments')->select('invoice_id', \Illuminate\Support\Facades\DB::raw('SUM(amount) as collected'))->where('shop_id', $shopId)->groupBy('invoice_id'), 'p', 'p.invoice_id', '=', 'i.id')->selectRaw('COALESCE(SUM(GREATEST(i.total - COALESCE(p.collected, 0), 0)), 0) as due')->value('due')
UNREAD		console	app/Console/Commands/ValidateReportTotals.php:311	raw	read	invoice_payments	shop_id	where:via>loop	25908f8029	\Illuminate\Support\Facades\DB::table('invoice_payments')->select('invoice_id', \Illuminate\Support\Facades\DB::raw('SUM(amount) as collected'))->where('shop_id', $shopId)->groupBy('invoice_id')
UNREAD		console	app/Console/Commands/ValidateReportTotals.php:338	raw	read	installment_plans	shop_id	where:via>loop	5e85ed50d4	\Illuminate\Support\Facades\DB::table('installment_plans')->where('shop_id', $shopId)->where('status', 'active')->sum('remaining_amount')
UNREAD		console	app/Console/Commands/ValidateReportTotals.php:361	embedded	read	scheme_ledger_entries	shop_id	mention:-	32815bc740	\Illuminate\Support\Facades\DB::table('scheme_enrollments as se')->where('se.shop_id', $shopId)->whereIn('se.status', ['active', 'matured'])->leftJoin('scheme_ledger_entries as e', 'e.id', '=', \Illuminate\Support\Facades\DB::raw('(SELECT MAX(id) FROM scheme_ledger_entries le WHERE le.scheme_enrollment_id = se.id)'))->selectRaw('COALESCE(SUM(COALESCE(e.balance_after, 0)), 0) as liab')->value('liab')
UNREAD		console	app/Console/Commands/ValidateReportTotals.php:361	raw	read	scheme_enrollments	shop_id	where:via>loop	35b72af997	\Illuminate\Support\Facades\DB::table('scheme_enrollments as se')->where('se.shop_id', $shopId)->whereIn('se.status', ['active', 'matured'])->leftJoin('scheme_ledger_entries as e', 'e.id', '=', \Illuminate\Support\Facades\DB::raw('(SELECT MAX(id) FROM scheme_ledger_entries le WHERE le.scheme_enrollment_id = se.id)'))->selectRaw('COALESCE(SUM(COALESCE(e.balance_after, 0)), 0) as liab')->value('liab')
UNREAD		console	app/Console/Commands/ValidateReportTotals.php:364	embedded	read	scheme_ledger_entries	shop_id	none:-	6274570834	\Illuminate\Support\Facades\DB::raw('(SELECT MAX(id) FROM scheme_ledger_entries le WHERE le.scheme_enrollment_id = se.id)')
UNREAD		console	app/Console/Commands/ValidateReportTotals.php:392	raw	read	metal_lots	shop_id	where:via>loop	aa80c6016e	\Illuminate\Support\Facades\DB::table('metal_lots')->where('shop_id', $shopId)->where('source', 'customer_advance')->sum('fine_weight_remaining')
UNREAD		console	app/Console/Commands/ValidateReportTotals.php:413	raw	read	metal_lots	shop_id	where:via>loop	27cf9eb36e	\Illuminate\Support\Facades\DB::table('metal_lots')->where('shop_id', $shopId)->where('source', '<>', 'karigar_held')->sum('fine_weight_remaining')
UNREAD		console	app/Console/Commands/ValidateReportTotals.php:456	raw	read	items	shop_id	where:via>loop	c2b53489b6	\Illuminate\Support\Facades\DB::table('items')->where('shop_id', $shopId)->where('status', 'in_stock')->sum(\Illuminate\Support\Facades\DB::raw('COALESCE(cost_price, 0)'))
UNREAD		console	app/Console/Commands/ValidateReportTotals.php:488	raw	read	items	shop_id	where:via>loop	c2b53489b6	\Illuminate\Support\Facades\DB::table('items')->where('shop_id', $shopId)->where('status', 'in_stock')->sum(\Illuminate\Support\Facades\DB::raw('COALESCE(cost_price, 0)'))
UNREAD		console	app/Console/Commands/ValidateReportTotals.php:529	raw	read	cash_transactions	shop_id	where:via>loop	cb511f6d34	\Illuminate\Support\Facades\DB::table('cash_transactions')->where('shop_id', $shopId)->where('created_at', '<=', $end)->selectRaw("COALESCE(SUM(CASE WHEN type = 'in' THEN amount ELSE -amount END), 0) as net")->value('net')
UNREAD		console	app/Console/Commands/ValidateReportTotals.php:543	raw	read	cash_transactions	shop_id	where:via>loop	584f154da6	\Illuminate\Support\Facades\DB::table('cash_transactions')->where('shop_id', $shopId)->whereBetween('created_at', [$start, $end])->whereRaw('is_opening IS NOT TRUE')->where('type', 'in')->sum('amount')
UNREAD		console	app/Console/Commands/ValidateReportTotals.php:545	raw	read	cash_transactions	shop_id	where:via>loop	a81d722f00	\Illuminate\Support\Facades\DB::table('cash_transactions')->where('shop_id', $shopId)->whereBetween('created_at', [$start, $end])->whereRaw('is_opening IS NOT TRUE')->where('type', 'out')->sum('amount')
UNREAD		console	app/Console/Commands/ValidateReportTotals.php:558	raw	read	cash_transactions	shop_id	where:via>loop	c488c620b8	\Illuminate\Support\Facades\DB::table('cash_transactions')->where('shop_id', $shopId)->where(fn($q) => $q->where('created_at', '<', $start)->orWhereRaw('is_opening IS TRUE'))->selectRaw("COALESCE(SUM(CASE WHEN type = 'in' THEN amount ELSE -amount END), 0) as net")->value('net')
UNREAD		console	app/Console/Commands/ValidateReportTotals.php:581	raw	read	metal_movements	shop_id	where:via>loop	66fd20fde1	\Illuminate\Support\Facades\DB::table('metal_movements')->where('shop_id', $shopId)->whereRaw('is_opening IS TRUE')->sum('fine_weight')
UNREAD		console	app/Console/Commands/ValidateReportTotals.php:586	raw	read	metal_lots	shop_id	key:other	7fa23363fd	\Illuminate\Support\Facades\DB::table('metal_lots')->where('shop_id', $shopId)->whereIn('id', function ($q) use ($shopId) { $q->select('to_lot_id')->from('metal_movements')->where('shop_id', $shopId)->whereRaw('is_opening IS TRUE')->whereNotNull('to_lot_id'); })->sum('fine_weight_total')
UNREAD		console	app/Console/Commands/ValidateReportTotals.php:589	embedded	read	metal_movements	shop_id	frag:shop_id	94011a69db	$q->select('to_lot_id')->from('metal_movements')->where('shop_id', $shopId)->whereRaw('is_opening IS TRUE')->whereNotNull('to_lot_id')
UNREAD		console	app/Console/Commands/ValidateReportTotals.php:616	removed	read	invoices	shop_id	where:via>loop	76adef54b5	\App\Models\Invoice::withoutTenant()->where('shop_id', $shopId)->salesIn($day)->sum('total')
UNREAD		console	app/Console/Commands/ValidateReportTotals.php:625	removed	read	invoices	shop_id	where:via>loop	a3ac513991	\App\Models\Invoice::withoutTenant()->where('shop_id', $shopId)->salesIn($day)->sum('gst')
UNREAD		console	app/Console/Commands/ValidateReportTotals.php:634	raw	read	cash_transactions	shop_id	where:via>loop	61ec2dad26	\Illuminate\Support\Facades\DB::table('cash_transactions')->where('shop_id', $shopId)->where('created_at', '<=', $dayEnd)->selectRaw("COALESCE(SUM(CASE WHEN type='in' THEN amount ELSE -amount END),0) as net")->value('net')
UNREAD		console	app/Console/Commands/ValidateReportTotals.php:671	removed	read	invoices	shop_id	where:via>loop	67390ad8ef	\App\Models\Invoice::withoutTenant()->where('shop_id', $shopId)->salesIn($day)->sum('total')
UNREAD		console	app/Console/Commands/ValidateReportTotals.php:680	removed	read	invoices	shop_id	where:via>loop	8f6865a7fc	\App\Models\Invoice::withoutTenant()->where('shop_id', $shopId)->salesIn($day)->count()
UNREAD		console	app/Console/Commands/ValidateReportTotals.php:689	removed	read	invoices	shop_id	where:via>loop	934ddf7c1a	\App\Models\Invoice::withoutTenant()->where('shop_id', $shopId)->salesIn($day)->sum('gst')
UNREAD		console	app/Console/Commands/ValidateReportTotals.php:722	removed	read	invoices	shop_id	where:via>loop	0667c2af9c	\App\Models\Invoice::withoutTenant()->where('shop_id', $shopId)->salesIn($period)->selectRaw('COALESCE(SUM(subtotal),0) AS gross, COALESCE(SUM(discount),0) AS disc')->first()
UNREAD		console	app/Console/Commands/ValidateReportTotals.php:724	removed	read	credit_notes	shop_id	where:via>loop	17aa173096	\App\Models\CreditNote::withoutTenant()->where('shop_id', $shopId)->whereBetween('issued_at', [$start, $end])->sum('subtotal')
UNREAD		console	app/Console/Commands/ValidateReportTotals.php:735	embedded	read	invoices	shop_id	where:via>loop	6632089cea	\Illuminate\Support\Facades\DB::table('invoice_items')->join('invoices', 'invoices.id', '=', 'invoice_items.invoice_id')->leftJoin('items', 'items.id', '=', 'invoice_items.item_id')->where('invoices.shop_id', $shopId)->where('invoices.status', \App\Models\Invoice::STATUS_FINALIZED)->whereRaw('COALESCE(invoices.finalized_at, invoices.created_at) BETWEEN ? AND ?', [$start, $end])->sum(\Illuminate\Support\Facades\DB::raw('COALESCE(items.cost_price, 0)'))
UNREAD		console	app/Console/Commands/ValidateReportTotals.php:735	embedded	read	items	shop_id	mention:-	0fad9e1246	\Illuminate\Support\Facades\DB::table('invoice_items')->join('invoices', 'invoices.id', '=', 'invoice_items.invoice_id')->leftJoin('items', 'items.id', '=', 'invoice_items.item_id')->where('invoices.shop_id', $shopId)->where('invoices.status', \App\Models\Invoice::STATUS_FINALIZED)->whereRaw('COALESCE(invoices.finalized_at, invoices.created_at) BETWEEN ? AND ?', [$start, $end])->sum(\Illuminate\Support\Facades\DB::raw('COALESCE(items.cost_price, 0)'))
UNREAD		console	app/Console/Commands/ValidateReportTotals.php:735	raw	read	invoice_items	via:invoices	where:via>loop	72d4785e74	\Illuminate\Support\Facades\DB::table('invoice_items')->join('invoices', 'invoices.id', '=', 'invoice_items.invoice_id')->leftJoin('items', 'items.id', '=', 'invoice_items.item_id')->where('invoices.shop_id', $shopId)->where('invoices.status', \App\Models\Invoice::STATUS_FINALIZED)->whereRaw('COALESCE(invoices.finalized_at, invoices.created_at) BETWEEN ? AND ?', [$start, $end])->sum(\Illuminate\Support\Facades\DB::raw('COALESCE(items.cost_price, 0)'))
UNREAD		console	app/Console/Commands/ValidateReportTotals.php:759	embedded	read	invoices	shop_id	where:via>loop	48f932d563	\Illuminate\Support\Facades\DB::table('invoice_items')->join('invoices', 'invoices.id', '=', 'invoice_items.invoice_id')->leftJoin('items', 'items.id', '=', 'invoice_items.item_id')->where('invoices.shop_id', $shopId)->where('invoices.status', \App\Models\Invoice::STATUS_FINALIZED)->whereRaw('COALESCE(invoices.finalized_at, invoices.created_at) BETWEEN ? AND ?', [$start, $end])->whereNull('items.cost_price')->count()
UNREAD		console	app/Console/Commands/ValidateReportTotals.php:759	embedded	read	items	shop_id	mention:-	360c647c0b	\Illuminate\Support\Facades\DB::table('invoice_items')->join('invoices', 'invoices.id', '=', 'invoice_items.invoice_id')->leftJoin('items', 'items.id', '=', 'invoice_items.item_id')->where('invoices.shop_id', $shopId)->where('invoices.status', \App\Models\Invoice::STATUS_FINALIZED)->whereRaw('COALESCE(invoices.finalized_at, invoices.created_at) BETWEEN ? AND ?', [$start, $end])->whereNull('items.cost_price')->count()
UNREAD		console	app/Console/Commands/ValidateReportTotals.php:759	raw	read	invoice_items	via:invoices	where:via>loop	4162ab6dc7	\Illuminate\Support\Facades\DB::table('invoice_items')->join('invoices', 'invoices.id', '=', 'invoice_items.invoice_id')->leftJoin('items', 'items.id', '=', 'invoice_items.item_id')->where('invoices.shop_id', $shopId)->where('invoices.status', \App\Models\Invoice::STATUS_FINALIZED)->whereRaw('COALESCE(invoices.finalized_at, invoices.created_at) BETWEEN ? AND ?', [$start, $end])->whereNull('items.cost_price')->count()
UNREAD		console	app/Console/Commands/ValidateReportTotals.php:797	raw	read	metal_lots	shop_id	where:via>loop	4fc10d6e00	\Illuminate\Support\Facades\DB::table('metal_lots')->where('shop_id', $shopId)->where('source', '<>', 'karigar_held')->sum('fine_weight_remaining')
UNREAD		console	app/Console/Commands/ValidateReportTotals.php:810	raw	read	metal_lots	shop_id	raw:via>loop	ae9f47dded	\Illuminate\Support\Facades\DB::select("SELECT COALESCE(SUM(total_fine), 0) AS t FROM (\n SELECT SUM(fine_weight_remaining) AS total_fine\n FROM metal_lots WHERE shop_id = ? AND source <> 'karigar_held' GROUP BY metal_type\n ) g", [$shopId])
UNREAD		console	app/Console/Commands/ValidateReportTotals.php:854	raw	read	karigar_invoices	shop_id	where:via>loop	02b152a0af	\Illuminate\Support\Facades\DB::table('karigar_invoices')->where('shop_id', $shopId)->selectRaw('COALESCE(SUM(total_after_tax - COALESCE(amount_paid,0)), 0) as payable')->value('payable')
UNREAD		console	app/Console/Commands/ValidateReturnsIntegrity.php:74	raw	read	credit_notes,invoices	credit_notes=shop_id invoices=shop_id	none:-	d99fdd69ca	\Illuminate\Support\Facades\DB::select($sql)
UNREAD		console	app/Console/Commands/ValidateReturnsIntegrity.php:99	raw	read	return_orders,credit_notes	return_orders=shop_id credit_notes=shop_id	none:-	7d47301ba8	\Illuminate\Support\Facades\DB::select($sql)
UNREAD		console	app/Console/Commands/ValidateReturnsIntegrity.php:128	raw	read	credit_notes,return_orders,return_line_items	credit_notes=shop_id return_orders=shop_id return_line_items=shop_id	none:-	bc443e1099	\Illuminate\Support\Facades\DB::select($sql)
UNREAD		console	app/Console/Commands/ValidateReturnsIntegrity.php:159	raw	read	credit_notes,return_orders,shops,shop_preferences	credit_notes=shop_id return_orders=shop_id shops=self:id shop_preferences=shop_id	none:-	e93a44fcc9	\Illuminate\Support\Facades\DB::select($sql)
UNREAD		console	app/Console/Commands/ValidateReturnsIntegrity.php:190	raw	read	invoice_items,return_line_items	invoice_items=via:invoices return_line_items=shop_id	none:-	5e624c0322	\Illuminate\Support\Facades\DB::select($sql)
UNREAD		console	app/Console/Commands/ValidateReturnsIntegrity.php:221	raw	read	returned_item_dispositions,metal_movements	returned_item_dispositions=shop_id metal_movements=shop_id	none:-	ee2688b1bb	\Illuminate\Support\Facades\DB::select($sql)
UNREAD		console	app/Console/Commands/ValidateReturnsIntegrity.php:246	raw	read	store_credit_movements	shop_id	none:-	3ecf0afda9	\Illuminate\Support\Facades\DB::select($sql)
UNREAD		console	app/Console/Commands/ValidateReturnsIntegrity.php:275	raw	read	store_credit_movements,credit_notes,invoices	store_credit_movements=shop_id credit_notes=shop_id invoices=shop_id	none:-	df76880120	\Illuminate\Support\Facades\DB::select($sql)
UNREAD		console	app/Console/Commands/ValidateReturnsIntegrity.php:301	raw	read	exchange_orders,return_orders,invoices	exchange_orders=shop_id return_orders=shop_id invoices=shop_id	none:-	69333af124	\Illuminate\Support\Facades\DB::select($sql)
UNREAD		console	app/Console/Commands/ValidateReturnsIntegrity.php:327	raw	read	items,return_line_items	items=shop_id return_line_items=shop_id	none:-	732aaa72d9	\Illuminate\Support\Facades\DB::select($sql)
UNREAD		console	app/Console/Commands/ValidateReturnsIntegrity.php:341	raw	read	credit_notes,return_orders,return_line_items	credit_notes=shop_id return_orders=shop_id return_line_items=shop_id	mention:-	79ed8f7c28	\Illuminate\Support\Facades\DB::select("\n SELECT cn.id, cn.credit_note_number, cn.gst,\n COALESCE(SUM(rl.refund_gst), 0) as line_sum\n FROM credit_notes cn\n JOIN return_orders ro ON ro.id = cn.return_order_id\n JOIN return_line_items rl ON rl.return_order_id = ro.id\n WHERE cn.shop_id " . ($shopId ? "= {$shopId}" : "IS NOT NULL") . "\n AND cn.return_order_id IS NOT NULL\n AND rl.policy_breakdown IS NOT NULL\n GROUP BY cn.id, cn.credit_note_number, cn.gst\n HAVING ABS(cn.gst - COALESCE(SUM(rl.refund_gst), 0)) > 0.01\n ")
UNREAD		console	app/Console/Commands/ValidateReturnsIntegrity.php:369	raw	read	invoices	shop_id	mention:-	b722c82713	\Illuminate\Support\Facades\DB::select("\n SELECT id, invoice_number, gst, cgst_amount, sgst_amount, igst_amount\n FROM invoices\n WHERE shop_id {$shopFilter}\n AND status = 'finalized'\n AND cgst_amount IS NOT NULL\n AND ABS(COALESCE(cgst_amount,0) + COALESCE(sgst_amount,0) + COALESCE(igst_amount,0) - gst) > 0.01\n ")
UNREAD		console	app/Console/Commands/ValidateReturnsIntegrity.php:378	raw	read	credit_notes	shop_id	mention:-	82ffec811f	\Illuminate\Support\Facades\DB::select("\n SELECT cn.id, cn.credit_note_number, cn.gst, cn.cgst_amount, cn.sgst_amount, cn.igst_amount\n FROM credit_notes cn\n WHERE cn.shop_id {$shopFilter}\n AND cn.cgst_amount IS NOT NULL\n AND ABS(COALESCE(cn.cgst_amount,0) + COALESCE(cn.sgst_amount,0) + COALESCE(cn.igst_amount,0) - cn.gst) > 0.01\n ")
UNREAD		console	app/Console/Commands/WarmShopCache.php:61	unscoped	read	shops	self:id	none:-	24526ed582	\App\Models\Shop::query()->active()->whereIn('access_mode', ['active', 'read_only'])->pluck('id')
UNREAD		console	app/Console/Commands/WithdrawAdminRestriction.php:129	unscoped	read	shops	self:id	key:property	573b439d16	\App\Models\Shop::find((int) $this->argument('shop'))
global	no tenant table: platform_admins — platform staff	console	app/Console/Commands/WithdrawAdminRestriction.php:164	unscoped	read	platform_admins	-	key:property	2eba794f4c	\App\Models\Platform\PlatformAdmin::find((int) $this->option('authorized-by'))
UNREAD		console	app/Console/Commands/WithdrawAdminRestriction.php:172	unscoped	read	shops	self:id	key:record?	4150520685	\App\Models\Shop::whereKey($shop->id)->lockForUpdate()->first()
UNREAD		console	app/Console/Commands/WithdrawAdminRestriction.php:187	unscoped	WRITE	shops	self:id	key:record?	0bfbfeed63	\App\Models\Shop::query()->whereKey($locked->id)->where('suspended_by', $locked->suspended_by)->update(['suspended_by' => null])
UNREAD		console	app/Console/Commands/WithdrawAdminRestriction.php:200	unscoped	read	platform_audit_logs	convention:target	none:-	21be53982d	\App\Models\Platform\PlatformAuditLog::max('id')
UNREAD		console	app/Console/Commands/WithdrawAdminRestriction.php:212	unscoped	read	platform_audit_logs	convention:target	key:record?	a3563fb810	\App\Models\Platform\PlatformAuditLog::query()->where('id', '>', $highWater)->where('action', 'shop.admin_restriction_withdrawn')->where('target_type', \App\Models\Shop::class)->where('target_id', $locked->id)->exists()
UNREAD		console	app/Console/Commands/WithdrawAdminRestriction.php:265	unscoped	read	shop_subscriptions	shop_id	none:-	c59f0cb0f5	\App\Models\Platform\ShopSubscription::entitlesAccessToday($shop)
global	no tenant table: platform_admins — platform staff	console	app/Console/Commands/WithdrawAdminRestriction.php:370	unscoped	read	platform_admins	-	key:property	bb524785c2	\App\Models\Platform\PlatformAdmin::find((int) $id)
UNREAD		console	app/Console/Commands/WithdrawAdminRestriction.php:516	unscoped	read	platform_audit_logs	convention:target	key:via>record?	5acbeb8da8	\App\Models\Platform\PlatformAuditLog::query()->where('target_type', \App\Models\Shop::class)->where('target_id', $shopId)->orderBy('id')->get()->filter(fn(\App\Models\Platform\PlatformAuditLog $e) => $this->snapshot($e->before) !== [] || $this->snapshot($e->after) !== [])->values()
UNREAD		console	app/Console/Commands/WithdrawAdminRestriction.php:555	unscoped	read	shops	self:id	key:via>unowned	8e5212c792	\App\Models\Shop::find($shop->id)
UNREAD		console	app/Console/Commands/WithdrawAdminRestriction.php:670	unscoped	read	shop_subscriptions	shop_id	where:via>unowned	92b7966ec3	\App\Models\Platform\ShopSubscription::where('shop_id', $shop->id)->latest('id')->first()
UNREAD		console	app/Console/Commands/WithdrawAdminRestriction.php:680	unscoped	read	shop_subscriptions	shop_id	none:-	6fcdf12f13	\App\Models\Platform\ShopSubscription::blocksNewPaidTerm($subscription, $shop)
UNREAD		console	app/Console/Commands/WithdrawAdminRestriction.php:681	unscoped	read	shop_subscriptions	shop_id	none:-	5b6876e96c	\App\Models\Platform\ShopSubscription::blocksNewPaidTerm($subscription, $simulated)
UNREAD		console	app/Console/Commands/WithdrawAdminRestriction.php:685	unscoped	read	shop_subscriptions	shop_id	none:-	886469662d	\App\Models\Platform\ShopSubscription::entitlesAccessToday($shop)
UNREAD		console	app/Console/Commands/WithdrawAdminRestriction.php:686	unscoped	read	shop_subscriptions	shop_id	none:-	06e7855303	\App\Models\Platform\ShopSubscription::entitlesAccessToday($simulated)
trusted	constraint from via>context	tenant	app/Data/Mobile/V1/MaterialRegistrySnapshot.php:106	raw	read	shop_metal_purity_profiles	shop_id	where:via>context	0184099698	\Illuminate\Support\Facades\DB::table('shop_metal_purity_profiles')->where('shop_id', $shopId)->where('metal_type', $metal)->whereRaw('is_active IS TRUE')->orderBy('sort_order')->orderByDesc('purity_value')->pluck('purity_value')->all()
earlier	read in the 11e91c3 round (handoff §7e); file unchanged since	tenant	app/Exports/Sheets/InvoiceItemsSheet.php:18	unscoped	read	invoice_items	via:invoices	none:-	db0fbc5504	\App\Models\InvoiceItem::whereHas('invoice')->get(['invoice_id', 'item_id', 'weight', 'rate', 'making_charges', 'making_charge_type', 'stone_amount', 'line_total'])
UNREAD		tenant	app/Http/Concerns/ArchivesParties.php:47	instance	read	?	?	key:via>record	90c808626c	$party->newQuery()->whereKey($party->getKey())->lockForUpdate()->first()
ok-self	re-reads the model it was given by its own key, through that model's own scope (newQuery) (reinspected: conservative trust rules)	tenant	app/Http/Concerns/EmitsEntityTag.php:105	instance	read	?	?	key:via>mixed(record,other)	b83e6d36e5	$model->newQuery()->whereKey($model->getKey())
UNREAD		admin	app/Http/Controllers/Admin/AnnouncementController.php:20	unscoped	read	platform_announcements	convention:target	none:-	5cba53d15b	\App\Models\Platform\PlatformAnnouncement::orderByDesc('created_at')->paginate(20)
UNREAD		admin	app/Http/Controllers/Admin/AnnouncementController.php:49	unscoped	WRITE	platform_announcements	convention:target	none:-	23187afcbd	\App\Models\Platform\PlatformAnnouncement::create([...$validated, 'send_email' => $request->boolean('send_email'), 'created_by_admin_id' => auth('platform_admin')->id()])
global	no tenant table: platform_admins — platform staff	admin	app/Http/Controllers/Admin/AuthController.php:27	unscoped	read	platform_admins	-	none:-	66c551a83a	\App\Models\Platform\PlatformAdmin::where('role', 'super_admin')->exists()
global	no tenant table: platform_admins — platform staff	admin	app/Http/Controllers/Admin/AuthController.php:33	unscoped	read	platform_admins	-	none:-	0ce0625ab7	\App\Models\Platform\PlatformAdmin::where('role', 'super_admin')->exists()
global	no tenant table: platform_admins — platform staff	admin	app/Http/Controllers/Admin/AuthController.php:55	unscoped	read	platform_admins	-	none:-	62341c788f	\App\Models\Platform\PlatformAdmin::where('role', 'super_admin')->lockForUpdate()->exists()
global	no tenant table: platform_admins — platform staff	admin	app/Http/Controllers/Admin/AuthController.php:63	unscoped	WRITE	platform_admins	-	none:-	f6d15379a3	\App\Models\Platform\PlatformAdmin::create(['first_name' => $validated['first_name'], 'last_name' => $validated['last_name'], 'name' => trim($validated['first_name'] . ' ' . $validated['last_name']), 'email' => $validated['email'] ?? null, 'mobile_number' => $validated['mobile_number'], 'password' => \Illuminate\Support\Facades\Hash::make($validated['password']), 'role' => 'super_admin', 'is_active' => $this->dbBool(true), 'password_changed_at' => now()])
global	no tenant table: platform_backup_log — whole-database backup runs	admin	app/Http/Controllers/Admin/BackupStatusController.php:21	raw	read	platform_backup_log	-	none:-	1b03831674	\Illuminate\Support\Facades\DB::table('platform_backup_log')->orderByDesc('created_at')->limit(20)->get()
global	no tenant table: platform_backup_log — whole-database backup runs	admin	app/Http/Controllers/Admin/BackupStatusController.php:26	raw	read	platform_backup_log	-	none:-	5355a89a9b	\Illuminate\Support\Facades\DB::table('platform_backup_log')->where('status', 'success')->orderByDesc('completed_at')->first()
global	no tenant table: platform_backup_log — whole-database backup runs	admin	app/Http/Controllers/Admin/BackupStatusController.php:41	raw	WRITE	platform_backup_log	-	none:-	91b061bf15	\Illuminate\Support\Facades\DB::table('platform_backup_log')->insertGetId(['status' => 'pending', 'type' => 'manual', 'triggered_by_admin_id' => auth('platform_admin')->id(), 'created_at' => now(), 'updated_at' => now()])
global	no tenant table: plans — plan catalog	admin	app/Http/Controllers/Admin/BillingManagementController.php:44	unscoped	read	plans	-	key:REQUEST	7b8c8c7a09	\App\Models\Platform\Plan::query()->findOrFail((int) $validated['plan_id'])
UNREAD		admin	app/Http/Controllers/Admin/BillingManagementController.php:86	unscoped	read	shop_subscriptions	shop_id	where:via>?	5fe556becf	\App\Models\Platform\ShopSubscription::query()->where('shop_id', $shop->id)->latest('id')->first()
global	no tenant table: - — names no table	admin	app/Http/Controllers/Admin/BillingManagementController.php:113	raw	read	-	-	none:-	3c35386172	\Illuminate\Support\Facades\DB::select('select pg_advisory_xact_lock(hashtextextended(?, 0))', ['shop_sub:' . $shop->id . ':' . ($newEdition ?? 'none')])
UNREAD		admin	app/Http/Controllers/Admin/BillingManagementController.php:128	unscoped	read	shops	self:id	key:record?	6f9822e8f2	\App\Models\Shop::query()->whereKey($shop->id)->lockForUpdate()->firstOrFail()
UNREAD		admin	app/Http/Controllers/Admin/BillingManagementController.php:133	unscoped	read	shop_subscriptions	shop_id	where:record?	e2c3723e4d	\App\Models\Platform\ShopSubscription::query()->where('shop_id', $shop->id)->orderByDesc('id')->get()->first(function (\App\Models\Platform\ShopSubscription $s) use ($newEdition, $plan) { return $newEdition !== null ? $s->plan?->grantsEdition() === $newEdition : (int) $s->plan_id === (int) $plan->id; })
UNREAD		admin	app/Http/Controllers/Admin/BillingManagementController.php:156	unscoped	WRITE	shop_subscriptions	shop_id	insert:record?	5c7bb8da76	\App\Models\Platform\ShopSubscription::query()->create(['shop_id' => $shop->id, 'plan_id' => (int) $validated['plan_id'], 'status' => $validated['status'], 'billing_cycle' => $validated['billing_cycle'] ?? null, 'starts_at' => $startsAt, 'ends_at' => $endsAt, 'grace_ends_at' => $graceEndsAt, 'cancelled_at' => $validated['status'] === 'cancelled' ? now() : null, 'updated_by_admin_id' => $admin->id, 'price_paid' => isset($validated['price_paid']) ? (float) $validated['price_paid'] : null, 'notes' => $validated['notes'] ?? null])
UNREAD		admin	app/Http/Controllers/Admin/BillingManagementController.php:173	unscoped	read	shop_subscriptions	shop_id	orkey:record?	6d2045ac21	\App\Models\Platform\ShopSubscription::query()->where('shop_id', $shop->id)->where('id', '!=', $subscription->id)->whereIn('status', ['trial', 'active', 'grace'])->get()->each(function (\App\Models\Platform\ShopSubscription $prior) use ($newEdition, $plan, $shop, $admin, $subscription, $validated) { $samePlan = $newEdition !== null ? $prior->plan?->grantsEdition() === $newEdition : $prior->plan_id === $plan->id; if ($samePlan) { $priorBefore = $prior->toArray(); $prior->forceFill(['status' => 'cancelled', 'cancelled_at' => now()])->save(); // Durable supersession trail: records WHICH old row was // retired by WHICH new row, who did it, and why. \App\Models\Platform\SubscriptionEvent::query()->create(['shop_subscription_id' => $prior->id, 'shop_id' => $shop->id, 'admin_id' => $admin->id, 'event_type' => 'subscription.superseded', 'before' => $priorBefore, 'after' => $prior->toArray(), 'reason' => "Superseded by subscription #{$subscription->id}" . (blank($validated['reason'] ?? null) ? '' : " — {$validated['reason']}")]); } })
UNREAD		admin	app/Http/Controllers/Admin/BillingManagementController.php:191	unscoped	WRITE	subscription_events	shop_id	insert:record?	ac18b4ea31	\App\Models\Platform\SubscriptionEvent::query()->create(['shop_subscription_id' => $prior->id, 'shop_id' => $shop->id, 'admin_id' => $admin->id, 'event_type' => 'subscription.superseded', 'before' => $priorBefore, 'after' => $prior->toArray(), 'reason' => "Superseded by subscription #{$subscription->id}" . (blank($validated['reason'] ?? null) ? '' : " — {$validated['reason']}")])
UNREAD		admin	app/Http/Controllers/Admin/BillingManagementController.php:216	unscoped	WRITE	subscription_events	shop_id	insert:record?	226e817902	\App\Models\Platform\SubscriptionEvent::query()->create(['shop_subscription_id' => $subscription->id, 'shop_id' => $shop->id, 'admin_id' => $admin->id, 'event_type' => 'subscription.changed', 'before' => $before, 'after' => $subscription->toArray(), 'reason' => $validated['reason'] ?? null])
UNREAD		admin	app/Http/Controllers/Admin/ComplianceAlertAdminController.php:14	removed	read	compliance_alerts	shop_id	none:-	38e7192796	\App\Models\ComplianceAlert::withoutGlobalScope('shop')->with(['customer' => fn($q) => $q->withoutGlobalScope('shop')])
UNREAD		admin	app/Http/Controllers/Admin/ComplianceAlertAdminController.php:16	removed	read	?	?	none:-	a8063c108d	$q->withoutGlobalScope('shop')
UNREAD		admin	app/Http/Controllers/Admin/ComplianceAlertAdminController.php:20	embedded	read	shops	self:id	frag:shop_id	50ef2a5d8d	$query->leftJoin('shops', 'shops.id', '=', 'compliance_alerts.shop_id')->select('compliance_alerts.*', 'shops.name as shop_name')
UNREAD		admin	app/Http/Controllers/Admin/DashboardController.php:21	unscoped	read	shops	self:id	none:-	9725151df0	\App\Models\Shop::count()
UNREAD		admin	app/Http/Controllers/Admin/DashboardController.php:22	unscoped	read	shops	self:id	none:-	15b6556d07	\App\Models\Shop::where('access_mode', 'active')->count()
UNREAD		admin	app/Http/Controllers/Admin/DashboardController.php:23	unscoped	read	shops	self:id	none:-	ea2bfce348	\App\Models\Shop::whereIn('access_mode', ['read_only', 'suspended'])->count()
UNREAD		admin	app/Http/Controllers/Admin/DashboardController.php:24	unscoped	read	shops	self:id	none:-	bd72cc82fd	\App\Models\Shop::where('access_mode', 'read_only')->count()
UNREAD		admin	app/Http/Controllers/Admin/DashboardController.php:47	unscoped	read	shops	self:id	none:-	206bb7e2d2	\App\Models\Shop::where('access_mode', 'read_only')->whereNotNull('suspended_by')->count()
UNREAD		admin	app/Http/Controllers/Admin/DashboardController.php:50	unscoped	read	shops	self:id	none:-	faa67d60a1	\App\Models\Shop::where('access_mode', 'read_only')->whereNull('suspended_by')->count()
UNREAD		admin	app/Http/Controllers/Admin/DashboardController.php:53	unscoped	read	shops	self:id	none:-	470135f6f0	\App\Models\Shop::where('access_mode', 'suspended')->count()
UNREAD		admin	app/Http/Controllers/Admin/DashboardController.php:54	unscoped	read	shops	self:id	none:-	5db01c4f33	\App\Models\Shop::where('shop_type', 'retailer')->count()
UNREAD		admin	app/Http/Controllers/Admin/DashboardController.php:55	unscoped	read	shops	self:id	none:-	7b428547c8	\App\Models\Shop::where('shop_type', 'manufacturer')->count()
UNREAD		admin	app/Http/Controllers/Admin/DashboardController.php:56	unscoped	read	users	shop_id	none:-	cee1c3f5e5	\App\Models\User::count()
UNREAD		admin	app/Http/Controllers/Admin/DashboardController.php:57	unscoped	read	users	shop_id	none:-	d9ed0a76b1	\App\Models\User::active()->count()
UNREAD		admin	app/Http/Controllers/Admin/DashboardController.php:58	unscoped	read	users	shop_id	none:-	21e707a3b9	\App\Models\User::inactive()->count()
global	no tenant table: platform_admins — platform staff	admin	app/Http/Controllers/Admin/DashboardController.php:59	unscoped	read	platform_admins	-	none:-	6bee2fd653	\App\Models\Platform\PlatformAdmin::count()
UNREAD		admin	app/Http/Controllers/Admin/DashboardController.php:60	removed	read	invoices	shop_id	none:-	07b0e6878f	\App\Models\Invoice::withoutTenant()->count()
UNREAD		admin	app/Http/Controllers/Admin/DashboardController.php:63	unscoped	read	shop_subscriptions	shop_id	none:-	adb25a874b	\App\Models\Platform\ShopSubscription::query()->select('status', \Illuminate\Support\Facades\DB::raw('COUNT(*) as total'))->groupBy('status')->pluck('total', 'status')->all()
UNREAD		admin	app/Http/Controllers/Admin/DashboardController.php:69	unscoped	read	platform_audit_logs	convention:target	none:-	bedf142b46	\App\Models\Platform\PlatformAuditLog::query()->with('actor')->orderByDesc('created_at')->take(8)->get()
UNREAD		admin	app/Http/Controllers/Admin/DashboardController.php:75	unscoped	read	platform_audit_logs	convention:target	none:-	beb30fca69	\App\Models\Platform\PlatformAuditLog::query()->where('action', 'platform_admin.login_failed')->where('created_at', '>=', now()->subDay())->count()
UNREAD		admin	app/Http/Controllers/Admin/DashboardController.php:80	embedded	read	shops	self:id	frag:shop_id	6083e84200	\App\Models\ScanSession::query()->join('shops', 'shops.id', '=', 'scan_sessions.shop_id')->select('shops.id as shop_id', 'shops.name as shop_name', \Illuminate\Support\Facades\DB::raw('COUNT(scan_sessions.id) as active_sessions'), \Illuminate\Support\Facades\DB::raw('MAX(scan_sessions.expires_at) as latest_expiry'))->where('scan_sessions.status', 'active')->where('scan_sessions.expires_at', '>', now())->groupBy('shops.id', 'shops.name')->orderByDesc('active_sessions')->limit(12)->get()
UNREAD		admin	app/Http/Controllers/Admin/DashboardController.php:80	unscoped	read	scan_sessions	shop_id	mention:-	bfaca94fa1	\App\Models\ScanSession::query()->join('shops', 'shops.id', '=', 'scan_sessions.shop_id')->select('shops.id as shop_id', 'shops.name as shop_name', \Illuminate\Support\Facades\DB::raw('COUNT(scan_sessions.id) as active_sessions'), \Illuminate\Support\Facades\DB::raw('MAX(scan_sessions.expires_at) as latest_expiry'))->where('scan_sessions.status', 'active')->where('scan_sessions.expires_at', '>', now())->groupBy('shops.id', 'shops.name')->orderByDesc('active_sessions')->limit(12)->get()
UNREAD		admin	app/Http/Controllers/Admin/DashboardController.php:95	unscoped	read	platform_audit_logs	convention:target	none:-	3a5797b27a	\App\Models\Platform\PlatformAuditLog::query()->where('action', 'scan.request_throttled')->where('created_at', '>=', now()->subDay())->count()
UNREAD		admin	app/Http/Controllers/Admin/DashboardController.php:100	unscoped	read	platform_audit_logs	convention:target	none:-	46a7790ea0	\App\Models\Platform\PlatformAuditLog::query()->where('action', 'scan.invalid_signature')->where('created_at', '>=', now()->subDay())->count()
UNREAD		admin	app/Http/Controllers/Admin/DashboardController.php:105	unscoped	read	platform_audit_logs	convention:target	none:-	748c4f05e0	\App\Models\Platform\PlatformAuditLog::query()->where('action', 'scan.request_throttled')->where('created_at', '>=', now()->subDay())->latest('created_at')->take(8)->get()
UNREAD		admin	app/Http/Controllers/Admin/DashboardController.php:112	unscoped	read	shops	self:id	none:-	a2d68da000	\App\Models\Shop::query()->where('access_mode', 'suspended')->latest()->take(6)->get(['id', 'name', 'phone', 'owner_mobile', 'suspended_at', 'suspended_by', 'suspension_reason', 'access_mode'])
UNREAD		admin	app/Http/Controllers/Admin/DashboardController.php:122	unscoped	read	shops	self:id	none:-	a2e42247f3	\App\Models\Shop::query()->where('access_mode', 'read_only')->latest()->take(6)->get(['id', 'name', 'phone', 'owner_mobile', 'suspended_at', 'suspended_by', 'suspension_reason', 'access_mode'])
UNREAD		admin	app/Http/Controllers/Admin/DashboardController.php:131	unscoped	read	shops	self:id	none:-	7d609d6863	\App\Models\Shop::latest()->take(8)->get()
UNREAD		admin	app/Http/Controllers/Admin/DashboardController.php:132	unscoped	read	users	shop_id	none:-	fa1e95c39f	\App\Models\User::with(['shop', 'role' => fn($query) => $query->withoutTenant()])->latest()->take(10)->get()
UNREAD		admin	app/Http/Controllers/Admin/DashboardController.php:134	removed	read	?	?	none:-	df601556b6	$query->withoutTenant()
global	no tenant table: platform_feature_flags — feature flags (per-shop overrides are platform configuration)	admin	app/Http/Controllers/Admin/FeatureFlagController.php:20	unscoped	read	platform_feature_flags	-	none:-	1eb765ef0a	\App\Models\Platform\PlatformFeatureFlag::where('scope', 'global')->orderBy('key')->get()
global	no tenant table: platform_feature_flags — feature flags (per-shop overrides are platform configuration)	admin	app/Http/Controllers/Admin/FeatureFlagController.php:24	unscoped	read	platform_feature_flags	-	none:-	74f30bc003	\App\Models\Platform\PlatformFeatureFlag::where('scope', 'shop')->orderBy('key')->orderBy('scope_id')->get()->groupBy('key')
global	no tenant table: platform_feature_flags — feature flags (per-shop overrides are platform configuration)	admin	app/Http/Controllers/Admin/FeatureFlagController.php:47	unscoped	read	platform_feature_flags	-	key:REQUEST	6465cd9557	\App\Models\Platform\PlatformFeatureFlag::where('key', $validated['key'])->where('scope', $validated['scope'])->where('scope_id', $scopeId)->first()
global	no tenant table: platform_feature_flags — feature flags (per-shop overrides are platform configuration)	admin	app/Http/Controllers/Admin/FeatureFlagController.php:54	unscoped	WRITE	platform_feature_flags	-	none:-	0e6843ec74	\App\Models\Platform\PlatformFeatureFlag::updateOrCreate(['key' => $validated['key'], 'scope' => $validated['scope'], 'scope_id' => $scopeId], ['enabled' => (bool) $validated['enabled'], 'description' => $validated['description'] ?? null, 'updated_by' => $admin?->id])
global	no tenant table: platform_feature_flags — feature flags (per-shop overrides are platform configuration)	admin	app/Http/Controllers/Admin/FeatureFlagController.php:67	unscoped	read	platform_feature_flags	-	none:-	45c7d105ae	\App\Models\Platform\PlatformFeatureFlag::forgetCache($validated['key'], $scopeId)
global	no tenant table: platform_feature_flags — feature flags (per-shop overrides are platform configuration)	admin	app/Http/Controllers/Admin/FeatureFlagController.php:90	unscoped	read	platform_feature_flags	-	none:-	49208a8d94	\App\Models\Platform\PlatformFeatureFlag::forgetCache($before['key'], $before['scope_id'] ?? null)
UNREAD		admin	app/Http/Controllers/Admin/FraudFlagController.php:19	unscoped	read	platform_fraud_flags	shop_id	none:-	0850e35ef2	\App\Models\Platform\PlatformFraudFlag::with('shop')->orderByDesc('created_at')
UNREAD		admin	app/Http/Controllers/Admin/GdprExportController.php:28	raw	read	customers	shop_id	where:via>?	a74a025312	\Illuminate\Support\Facades\DB::table('customers')->where('shop_id', $shop->id)->select(['id', 'first_name', 'last_name', 'mobile', 'email', 'pan', 'id_number', 'address', 'city', 'created_at'])->get()->toArray()
UNREAD		admin	app/Http/Controllers/Admin/GdprExportController.php:31	raw	read	invoices	shop_id	where:via>?	44b2f931b0	\Illuminate\Support\Facades\DB::table('invoices')->where('shop_id', $shop->id)->select(['id', 'invoice_number', 'customer_id', 'total_amount', 'payment_status', 'created_at'])->limit(10000)->get()->toArray()
UNREAD		admin	app/Http/Controllers/Admin/GdprExportController.php:34	raw	read	users	shop_id	where:via>?	9f2ed3dcf1	\Illuminate\Support\Facades\DB::table('users')->where('shop_id', $shop->id)->select(['id', 'name', 'mobile_number', 'role', 'created_at'])->get()->toArray()
global	no tenant table: platform_settings — platform settings	admin	app/Http/Controllers/Admin/GdprExportController.php:80	raw	WRITE	platform_settings	-	none:-	2516a8e664	\Illuminate\Support\Facades\DB::table('platform_settings')->upsert([['key' => 'gdpr_pending_delete_shop_' . $shop->id, 'value' => json_encode(['requested_at' => now()->toIso8601String(), 'admin_id' => $actor->id, 'reason' => $validated['reason']])]], ['key'], ['value'])
UNREAD		admin	app/Http/Controllers/Admin/ImpersonationController.php:28	unscoped	read	users	shop_id	key:REQUEST	248fb93a81	\App\Models\User::query()->where('shop_id', $shop->id)->active()->findOrFail($userId)
UNREAD		admin	app/Http/Controllers/Admin/ImpersonationController.php:33	unscoped	read	users	shop_id	where:via>?	1fc4297a53	\App\Models\User::query()->where('shop_id', $shop->id)->active()->whereHas('role', fn($q) => $q->where('name', 'owner'))->first()
UNREAD		admin	app/Http/Controllers/Admin/ImpersonationController.php:40	unscoped	read	users	shop_id	where:via>?	2b76484ad5	\App\Models\User::query()->where('shop_id', $shop->id)->active()->orderBy('id')->first()
global	no tenant table: platform_admins — platform staff	admin	app/Http/Controllers/Admin/PasswordResetController.php:57	unscoped	read	platform_admins	-	none:-	d4ed487809	\App\Models\Platform\PlatformAdmin::where('email', $email)->first()
global	no tenant table: plans — plan catalog	admin	app/Http/Controllers/Admin/PlanController.php:19	unscoped	read	plans	-	none:-	bb0d443b65	\App\Models\Platform\Plan::withCount(['subscriptions', 'subscriptions as active_subscriptions_count' => fn($query) => $query->whereIn('status', ['active', 'trial', 'grace'])])->orderBy('name')->get()
global	no tenant table: plans — plan catalog	admin	app/Http/Controllers/Admin/PlanController.php:48	unscoped	WRITE	plans	-	none:-	3a2acd028d	\App\Models\Platform\Plan::create($data)
global	no tenant table: platform_admins — platform staff	admin	app/Http/Controllers/Admin/PlatformAdminManagementController.php:23	unscoped	read	platform_admins	-	none:-	2e367fb239	\App\Models\Platform\PlatformAdmin::query()->latest()->paginate(25)
global	no tenant table: platform_admins — platform staff	admin	app/Http/Controllers/Admin/PlatformAdminManagementController.php:44	unscoped	WRITE	platform_admins	-	none:-	ef88d73a8a	\App\Models\Platform\PlatformAdmin::query()->create(['first_name' => $validated['first_name'], 'last_name' => $validated['last_name'], 'name' => trim($validated['first_name'] . ' ' . $validated['last_name']), 'email' => $validated['email'] ?? null, 'mobile_number' => $validated['mobile_number'], 'password' => \Illuminate\Support\Facades\Hash::make($validated['password']), 'role' => $validated['role'], 'is_active' => $this->dbBool(true), 'password_changed_at' => now()])
UNREAD		admin	app/Http/Controllers/Admin/PlatformInvoiceAdminController.php:15	unscoped	read	platform_invoices	shop_id	none:-	150a52fc71	\App\Models\Platform\PlatformInvoice::query()->with(['shop', 'plan'])
global	no tenant table: plans — plan catalog	admin	app/Http/Controllers/Admin/PlatformInvoiceAdminController.php:59	unscoped	read	plans	-	none:-	f04479175f	\App\Models\Platform\Plan::orderBy('name')->get(['id', 'name'])
global	no tenant table: platform_settings — platform settings	admin	app/Http/Controllers/Admin/PlatformSettingsController.php:19	unscoped	read	platform_settings	-	none:-	4ca9b8e5a7	\App\Models\Platform\PlatformSetting::retailerEnabled()
global	no tenant table: platform_settings — platform settings	admin	app/Http/Controllers/Admin/PlatformSettingsController.php:20	unscoped	read	platform_settings	-	none:-	1b0af50a3d	\App\Models\Platform\PlatformSetting::manufacturerEnabled()
global	no tenant table: platform_settings — platform settings	admin	app/Http/Controllers/Admin/PlatformSettingsController.php:21	unscoped	read	platform_settings	-	none:-	8ef64eefb2	\App\Models\Platform\PlatformSetting::dhiranEnabled()
global	no tenant table: platform_settings — platform settings	admin	app/Http/Controllers/Admin/PlatformSettingsController.php:22	unscoped	read	platform_settings	-	none:-	00ad4d557a	\App\Models\Platform\PlatformSetting::bool('maintenance_mode', false)
global	no tenant table: platform_settings — platform settings	admin	app/Http/Controllers/Admin/PlatformSettingsController.php:23	unscoped	read	platform_settings	-	none:-	d8fbe0d08e	\App\Models\Platform\PlatformSetting::get('maintenance_message', 'JewelFlows is temporarily down for maintenance. We\'ll be back shortly.')
global	no tenant table: platform_settings — platform settings	admin	app/Http/Controllers/Admin/PlatformSettingsController.php:24	unscoped	read	platform_settings	-	none:-	9951d99b49	\App\Models\Platform\PlatformSetting::trialDays()
UNREAD		admin	app/Http/Controllers/Admin/PlatformSettingsController.php:25	unscoped	read	shop_subscriptions	shop_id	none:-	3ed8681b8a	\App\Models\Platform\ShopSubscription::where('status', 'trial')->count()
global	no tenant table: platform_settings — platform settings	admin	app/Http/Controllers/Admin/PlatformSettingsController.php:29	unscoped	read	platform_settings	-	none:-	6f6009600e	\App\Models\Platform\PlatformSetting::get('mail_mailer', config('mail.default', 'smtp'))
global	no tenant table: platform_settings — platform settings	admin	app/Http/Controllers/Admin/PlatformSettingsController.php:30	unscoped	read	platform_settings	-	none:-	5ddd74fa09	\App\Models\Platform\PlatformSetting::get('mail_host', config('mail.mailers.smtp.host', ''))
global	no tenant table: platform_settings — platform settings	admin	app/Http/Controllers/Admin/PlatformSettingsController.php:31	unscoped	read	platform_settings	-	none:-	b410aa4ab1	\App\Models\Platform\PlatformSetting::get('mail_port', (string) config('mail.mailers.smtp.port', '587'))
global	no tenant table: platform_settings — platform settings	admin	app/Http/Controllers/Admin/PlatformSettingsController.php:32	unscoped	read	platform_settings	-	none:-	52be3b28a6	\App\Models\Platform\PlatformSetting::get('mail_username', config('mail.mailers.smtp.username', ''))
global	no tenant table: platform_settings — platform settings	admin	app/Http/Controllers/Admin/PlatformSettingsController.php:33	unscoped	read	platform_settings	-	none:-	b5896c75cb	\App\Models\Platform\PlatformSetting::get('mail_encryption', config('mail.mailers.smtp.encryption', 'tls'))
global	no tenant table: platform_settings — platform settings	admin	app/Http/Controllers/Admin/PlatformSettingsController.php:34	unscoped	read	platform_settings	-	none:-	09ff97eee2	\App\Models\Platform\PlatformSetting::get('mail_from_address', config('mail.from.address', ''))
global	no tenant table: platform_settings — platform settings	admin	app/Http/Controllers/Admin/PlatformSettingsController.php:35	unscoped	read	platform_settings	-	none:-	0be02c1481	\App\Models\Platform\PlatformSetting::get('mail_from_name', config('mail.from.name', ''))
global	no tenant table: platform_settings — platform settings	admin	app/Http/Controllers/Admin/PlatformSettingsController.php:36	unscoped	read	platform_settings	-	none:-	6588fc9cd6	\App\Models\Platform\PlatformSetting::get('mail_password')
global	no tenant table: platform_settings — platform settings	admin	app/Http/Controllers/Admin/PlatformSettingsController.php:60	unscoped	read	platform_settings	-	none:-	86f403d69d	\App\Models\Platform\PlatformSetting::retailerEnabled()
global	no tenant table: platform_settings — platform settings	admin	app/Http/Controllers/Admin/PlatformSettingsController.php:61	unscoped	read	platform_settings	-	none:-	b38e94a310	\App\Models\Platform\PlatformSetting::manufacturerEnabled()
global	no tenant table: platform_settings — platform settings	admin	app/Http/Controllers/Admin/PlatformSettingsController.php:62	unscoped	read	platform_settings	-	none:-	dd6f2f49d3	\App\Models\Platform\PlatformSetting::dhiranEnabled()
global	no tenant table: platform_settings — platform settings	admin	app/Http/Controllers/Admin/PlatformSettingsController.php:63	unscoped	read	platform_settings	-	none:-	61a2718039	\App\Models\Platform\PlatformSetting::bool('maintenance_mode', false)
global	no tenant table: platform_settings — platform settings	admin	app/Http/Controllers/Admin/PlatformSettingsController.php:66	unscoped	read	platform_settings	-	none:-	765f2ca65f	\App\Models\Platform\PlatformSetting::set('retailer_enabled', $retailer ? 'true' : 'false')
global	no tenant table: platform_settings — platform settings	admin	app/Http/Controllers/Admin/PlatformSettingsController.php:67	unscoped	read	platform_settings	-	none:-	7d5a348bdc	\App\Models\Platform\PlatformSetting::set('manufacturer_enabled', $manufacturer ? 'true' : 'false')
global	no tenant table: platform_settings — platform settings	admin	app/Http/Controllers/Admin/PlatformSettingsController.php:68	unscoped	read	platform_settings	-	none:-	21827968e7	\App\Models\Platform\PlatformSetting::set('dhiran_enabled', $dhiran ? 'true' : 'false')
global	no tenant table: platform_settings — platform settings	admin	app/Http/Controllers/Admin/PlatformSettingsController.php:69	unscoped	read	platform_settings	-	none:-	32b512108b	\App\Models\Platform\PlatformSetting::set('maintenance_mode', $maintenanceMode ? 'true' : 'false')
global	no tenant table: platform_settings — platform settings	admin	app/Http/Controllers/Admin/PlatformSettingsController.php:71	unscoped	read	platform_settings	-	none:-	03e5c91105	\App\Models\Platform\PlatformSetting::set('maintenance_message', $maintenanceMessage)
global	no tenant table: platform_settings — platform settings	admin	app/Http/Controllers/Admin/PlatformSettingsController.php:125	unscoped	read	platform_settings	-	none:-	61528a3625	\App\Models\Platform\PlatformSetting::trialDays()
global	no tenant table: platform_settings — platform settings	admin	app/Http/Controllers/Admin/PlatformSettingsController.php:128	unscoped	read	platform_settings	-	none:-	62b2234fee	\App\Models\Platform\PlatformSetting::set('subscription_trial_days', (string) $days)
global	no tenant table: platform_settings — platform settings	admin	app/Http/Controllers/Admin/PlatformSettingsController.php:173	unscoped	read	platform_settings	-	none:-	28f51b0ab3	\App\Models\Platform\PlatformSetting::set('mail_mailer', $validated['mail_mailer'])
global	no tenant table: platform_settings — platform settings	admin	app/Http/Controllers/Admin/PlatformSettingsController.php:174	unscoped	read	platform_settings	-	none:-	792117fe3e	\App\Models\Platform\PlatformSetting::set('mail_host', $validated['mail_host'])
global	no tenant table: platform_settings — platform settings	admin	app/Http/Controllers/Admin/PlatformSettingsController.php:175	unscoped	read	platform_settings	-	none:-	d77f23c130	\App\Models\Platform\PlatformSetting::set('mail_port', (string) $validated['mail_port'])
global	no tenant table: platform_settings — platform settings	admin	app/Http/Controllers/Admin/PlatformSettingsController.php:176	unscoped	read	platform_settings	-	none:-	df39ef2956	\App\Models\Platform\PlatformSetting::set('mail_username', $validated['mail_username'] ?? '')
global	no tenant table: platform_settings — platform settings	admin	app/Http/Controllers/Admin/PlatformSettingsController.php:177	unscoped	read	platform_settings	-	none:-	0de89f6b3d	\App\Models\Platform\PlatformSetting::set('mail_encryption', $validated['mail_encryption'] ?? 'tls')
global	no tenant table: platform_settings — platform settings	admin	app/Http/Controllers/Admin/PlatformSettingsController.php:178	unscoped	read	platform_settings	-	none:-	98975d067c	\App\Models\Platform\PlatformSetting::set('mail_from_address', $validated['mail_from_address'])
global	no tenant table: platform_settings — platform settings	admin	app/Http/Controllers/Admin/PlatformSettingsController.php:179	unscoped	read	platform_settings	-	none:-	13c2d7fe2b	\App\Models\Platform\PlatformSetting::set('mail_from_name', $validated['mail_from_name'])
global	no tenant table: platform_settings — platform settings	admin	app/Http/Controllers/Admin/PlatformSettingsController.php:183	unscoped	read	platform_settings	-	none:-	a014992b33	\App\Models\Platform\PlatformSetting::set('mail_password', $validated['mail_password'])
global	no tenant table: platform_settings — platform settings	admin	app/Http/Controllers/Admin/PlatformSettingsController.php:191	unscoped	read	platform_settings	-	none:-	b67a27aced	\App\Models\Platform\PlatformSetting::get('mail_host')
UNREAD		admin	app/Http/Controllers/Admin/RevenueAnalyticsController.php:17	unscoped	read	shop_subscriptions	shop_id	none:-	8337678321	\App\Models\Platform\ShopSubscription::query()->where('status', 'active')->get(['price_paid', 'billing_cycle'])
UNREAD		admin	app/Http/Controllers/Admin/RevenueAnalyticsController.php:30	raw	read	shop_subscriptions	shop_id	mention:-	07c4716c9f	\Illuminate\Support\Facades\DB::table('shop_subscriptions')->where('status', 'active')->distinct('shop_id')->count('shop_id')
UNREAD		admin	app/Http/Controllers/Admin/RevenueAnalyticsController.php:37	raw	read	shop_subscriptions	shop_id	mention:-	6b4040fb6a	\Illuminate\Support\Facades\DB::table('shop_subscriptions')->whereIn('status', ['cancelled', 'expired'])->where('updated_at', '>=', $startOfMonth)->distinct('shop_id')->count('shop_id')
UNREAD		admin	app/Http/Controllers/Admin/RevenueAnalyticsController.php:42	raw	read	shop_subscriptions	shop_id	mention:-	a0ffd9e539	\Illuminate\Support\Facades\DB::table('shop_subscriptions')->where('status', 'active')->where('created_at', '<', $startOfMonth)->distinct('shop_id')->count('shop_id')
UNREAD		admin	app/Http/Controllers/Admin/RevenueAnalyticsController.php:50	raw	read	shop_subscriptions	shop_id	none:-	40a47b9957	\Illuminate\Support\Facades\DB::table('shop_subscriptions')->whereIn('status', ['trial', 'active', 'cancelled', 'expired', 'grace', 'read_only', 'suspended'])->where('created_at', '>=', $startOfMonth)->whereExists(function ($q) { $q->from('plans')->whereColumn('plans.id', 'shop_subscriptions.plan_id')->where('plans.trial_days', '>', 0); })->count()
UNREAD		admin	app/Http/Controllers/Admin/RevenueAnalyticsController.php:59	raw	read	shop_subscriptions	shop_id	none:-	87e842784d	\Illuminate\Support\Facades\DB::table('shop_subscriptions')->where('status', 'active')->where('created_at', '>=', $startOfMonth)->whereExists(function ($q) { $q->from('plans')->whereColumn('plans.id', 'shop_subscriptions.plan_id')->where('plans.trial_days', '>', 0); })->count()
UNREAD		admin	app/Http/Controllers/Admin/RevenueAnalyticsController.php:79	raw	read	shop_subscriptions	shop_id	none:-	dbd0c49b87	\Illuminate\Support\Facades\DB::table('shop_subscriptions')->where('status', 'active')->where('starts_at', '<=', $monthEnd)->where(function ($q) use ($monthStart) { $q->whereNull('ends_at')->orWhere('ends_at', '>=', $monthStart); })->get(['price_paid', 'billing_cycle'])
UNREAD		admin	app/Http/Controllers/Admin/RevenueAnalyticsController.php:100	raw	read	shops	self:id	none:-	911892127b	\Illuminate\Support\Facades\DB::table('shops')->where('created_at', '>=', $now->copy()->subDays(30))->count()
UNREAD		admin	app/Http/Controllers/Admin/RevenueAnalyticsController.php:103	raw	read	shop_subscriptions	shop_id	none:-	2d821ef6e5	\Illuminate\Support\Facades\DB::table('shop_subscriptions')->join('plans', 'shop_subscriptions.plan_id', '=', 'plans.id')->where('shop_subscriptions.status', 'active')->select('plans.name', \Illuminate\Support\Facades\DB::raw('count(*) as count'), \Illuminate\Support\Facades\DB::raw('sum(shop_subscriptions.price_paid) as revenue'))->groupBy('plans.name')->orderByDesc('revenue')->get()
UNREAD		admin	app/Http/Controllers/Admin/ShopBulkActionController.php:38	raw	WRITE	shops	self:id	key:other	0fb7f5ea9f	\Illuminate\Support\Facades\DB::table('shops')->whereIn('id', $shopIds)->update(['access_mode' => 'suspended', 'is_active' => '0', 'suspended_at' => now(), 'suspended_by' => $adminId, 'updated_at' => now()])
UNREAD		admin	app/Http/Controllers/Admin/ShopBulkActionController.php:62	raw	WRITE	shops	self:id	key:other	f5328c7033	\Illuminate\Support\Facades\DB::table('shops')->whereIn('id', $shopIds)->update(['access_mode' => 'active', 'is_active' => true, 'suspended_at' => null, 'suspended_by' => null, 'suspension_reason' => null, 'suspended_until' => null, 'deactivated_at' => null, 'updated_at' => now()])
UNREAD		admin	app/Http/Controllers/Admin/ShopEditionManagementController.php:46	unscoped	read	shop_editions	shop_id	where:via>?	a5cf0f46e8	\App\Models\ShopEditionAssignment::where('shop_id', $shop->id)->where('edition', $edition)->first()
UNREAD		admin	app/Http/Controllers/Admin/ShopEditionManagementController.php:62	removed	WRITE	dhiran_settings	shop_id	where:via>?	1cabfe3123	\App\Models\Dhiran\DhiranSettings::withoutGlobalScope('shop')->where('shop_id', $shop->id)->update(['is_enabled' => true])
UNREAD		admin	app/Http/Controllers/Admin/ShopEditionManagementController.php:92	unscoped	read	shop_editions	shop_id	where:via>?	b36865c958	\App\Models\ShopEditionAssignment::where('shop_id', $shop->id)->where('edition', $edition)->whereNull('deactivated_at')->first()
UNREAD		admin	app/Http/Controllers/Admin/ShopEditionManagementController.php:116	removed	WRITE	dhiran_settings	shop_id	where:via>?	f6bb900622	\App\Models\Dhiran\DhiranSettings::withoutGlobalScope('shop')->where('shop_id', $shop->id)->update(['is_enabled' => '0'])
UNREAD		admin	app/Http/Controllers/Admin/ShopEditionManagementController.php:143	raw	read	dhiran_loans	shop_id	where:via>?	c0d40a3791	\Illuminate\Support\Facades\DB::table('dhiran_loans')->where('shop_id', $shop->id)->whereIn('status', ['active', 'renewed'])->exists()
UNREAD		admin	app/Http/Controllers/Admin/ShopEditionRequestController.php:43	removed	read	shop_edition_requests	shop_id	none:-	ed77111ef4	\App\Models\ShopEditionRequest::withoutGlobalScope('shop')->where('status', 'pending')->count()
trusted	constraint from record	admin	app/Http/Controllers/Admin/ShopEditionRequestController.php:75	removed	WRITE	dhiran_settings	shop_id	where:record	ad0b69b338	\App\Models\Dhiran\DhiranSettings::withoutGlobalScope('shop')->where('shop_id', $shop->id)->update(['is_enabled' => true])
trusted	constraint from record	admin	app/Http/Controllers/Admin/ShopEditionRequestController.php:83	removed	WRITE	dhiran_settings	shop_id	where:record	3de72b204e	\App\Models\Dhiran\DhiranSettings::withoutGlobalScope('shop')->where('shop_id', $shop->id)->update(['is_enabled' => '0'])
trusted	constraint from record	admin	app/Http/Controllers/Admin/ShopEditionRequestController.php:146	removed	read	shop_edition_requests	shop_id	key:record	1e6431310d	\App\Models\ShopEditionRequest::withoutGlobalScope('shop')->with(['shop', 'user'])->findOrFail($editionRequest->id)
UNREAD		admin	app/Http/Controllers/Admin/ShopManagementController.php:31	unscoped	read	shops	self:id	none:-	8c143f8423	\App\Models\Shop::query()->withCount('users')
global	no tenant table: plans — plan catalog	admin	app/Http/Controllers/Admin/ShopManagementController.php:61	unscoped	read	plans	-	none:-	b167fc7e9b	\App\Models\Platform\Plan::whereRaw('is_active IS TRUE')->orderBy('name')->get(['id', 'name', 'price_monthly'])
UNREAD		admin	app/Http/Controllers/Admin/ShopManagementController.php:69	removed	read	?	?	none:-	e53e3062ff	$query->withoutTenant()
UNREAD		admin	app/Http/Controllers/Admin/ShopManagementController.php:76	removed	read	customers	shop_id	where:via>?	759c8b5cc9	\App\Models\Customer::withoutTenant()->where('shop_id', $shop->id)->count()
UNREAD		admin	app/Http/Controllers/Admin/ShopManagementController.php:77	removed	read	items	shop_id	where:via>?	e9487fbea6	\App\Models\Item::withoutTenant()->where('shop_id', $shop->id)->count()
UNREAD		admin	app/Http/Controllers/Admin/ShopManagementController.php:78	removed	read	invoices	shop_id	where:via>?	3ac12bb468	\App\Models\Invoice::withoutTenant()->where('shop_id', $shop->id)->count()
UNREAD		admin	app/Http/Controllers/Admin/ShopManagementController.php:79	removed	read	repairs	shop_id	where:via>?	aecac05407	\App\Models\Repair::withoutTenant()->where('shop_id', $shop->id)->count()
UNREAD		admin	app/Http/Controllers/Admin/ShopManagementController.php:86	unscoped	read	platform_invoices	shop_id	where:via>?	6a2a8ffefc	\App\Models\Platform\PlatformInvoice::where('shop_id', $shop->id)->with('plan')->latest('issued_at')->limit(10)->get()
UNREAD		admin	app/Http/Controllers/Admin/ShopManagementController.php:92	unscoped	read	shop_subscriptions	shop_id	where:via>?	ab72912562	\App\Models\Platform\ShopSubscription::query()->where('shop_id', $shop->id)->latest('id')->first()
global	no tenant table: plans — plan catalog	admin	app/Http/Controllers/Admin/ShopManagementController.php:97	unscoped	read	plans	-	none:-	4eb12b91e4	\App\Models\Platform\Plan::orderBy('name')->get(['id', 'name', 'price_monthly', 'price_yearly', 'grace_days'])
UNREAD		admin	app/Http/Controllers/Admin/ShopManagementController.php:106	unscoped	read	shop_storage_stats	shop_id	where:via>?	a808e8fd9a	\App\Models\ShopStorageStat::where('shop_id', $shop->id)->first()
UNREAD		admin	app/Http/Controllers/Admin/ShopManagementController.php:153	unscoped	read	shop_subscriptions	shop_id	none:-	a7d4ae176c	\App\Models\Platform\ShopSubscription::entitlesAccessToday($shop)
UNREAD		admin	app/Http/Controllers/Admin/ShopManagementController.php:224	unscoped	read	shops	self:id	none:-	a3d7b3673f	\App\Models\Shop::query()->withCount('users')->orderBy('id')->each(function (\App\Models\Shop $shop) use ($handle) { \App\Support\Csv::put($handle, [$shop->id, $shop->name, $shop->shop_type, $shop->owner_mobile, $shop->phone, $shop->city, $shop->access_mode, $shop->users_count, $shop->created_at?->toDateTimeString()]); }, 200)
UNREAD		admin	app/Http/Controllers/Admin/SubscriptionManagementController.php:18	embedded	read	shops	self:id	frag:shop_id	5e384d9ab0	\App\Models\Platform\ShopSubscription::with(['shop', 'plan'])->select('shop_subscriptions.*')->leftJoin('shops', 'shop_subscriptions.shop_id', '=', 'shops.id')
UNREAD		admin	app/Http/Controllers/Admin/SubscriptionManagementController.php:18	unscoped	read	shop_subscriptions	shop_id	mention:-	8d6dda7c48	\App\Models\Platform\ShopSubscription::with(['shop', 'plan'])->select('shop_subscriptions.*')->leftJoin('shops', 'shop_subscriptions.shop_id', '=', 'shops.id')
UNREAD		admin	app/Http/Controllers/Admin/SubscriptionManagementController.php:48	raw	read	shop_subscriptions	shop_id	none:-	70326a4b05	\Illuminate\Support\Facades\DB::table('shop_subscriptions')->select('status', \Illuminate\Support\Facades\DB::raw('count(*) as total'))->groupBy('status')->pluck('total', 'status')
global	no tenant table: plans — plan catalog	admin	app/Http/Controllers/Admin/SubscriptionManagementController.php:53	unscoped	read	plans	-	none:-	5c687672e8	\App\Models\Platform\Plan::orderBy('name')->get()
UNREAD		admin	app/Http/Controllers/Admin/SubscriptionManagementController.php:70	unscoped	read	shop_subscriptions	shop_id	none:-	8b2234543e	\App\Models\Platform\ShopSubscription::with(['shop:id,name', 'plan:id,name'])->orderBy('id')->each(function (\App\Models\Platform\ShopSubscription $sub) use ($handle) { \App\Support\Csv::put($handle, [$sub->id, $sub->shop?->name, $sub->plan?->name, $sub->status, $sub->billing_cycle, $sub->price_paid, $sub->starts_at, $sub->ends_at, $sub->created_at?->toDateTimeString()]); }, 500)
UNREAD		admin	app/Http/Controllers/Admin/SystemJobController.php:25	raw	read	jobs	convention:payload	none:-	17fa8838cb	\Illuminate\Support\Facades\DB::table('jobs')->select('queue', \Illuminate\Support\Facades\DB::raw('count(*) as total'), \Illuminate\Support\Facades\DB::raw('sum(case when reserved_at is not null then 1 else 0 end) as processing'), \Illuminate\Support\Facades\DB::raw('sum(case when reserved_at is null then 1 else 0 end) as pending'))->groupBy('queue')->orderBy('queue')->get()
UNREAD		admin	app/Http/Controllers/Admin/SystemJobController.php:35	raw	read	jobs	convention:payload	none:-	3d7faccf84	\Illuminate\Support\Facades\DB::table('jobs')->orderByDesc('id')->limit(50)->get()->map(fn($job) => $this->mapJobRecord($job))
UNREAD		admin	app/Http/Controllers/Admin/SystemJobController.php:41	raw	read	failed_jobs	convention:payload	none:-	407b68d134	\Illuminate\Support\Facades\DB::table('failed_jobs')->orderByDesc('id')->limit(50)->get()->map(fn($job) => $this->mapFailedJob($job))
UNREAD		admin	app/Http/Controllers/Admin/SystemJobController.php:49	raw	read	failed_jobs	convention:payload	none:-	973791b8ca	\Illuminate\Support\Facades\DB::table('failed_jobs')->count()
UNREAD		admin	app/Http/Controllers/Admin/SystemJobController.php:90	raw	read	failed_jobs	convention:payload	none:-	d327616f46	\Illuminate\Support\Facades\DB::table('failed_jobs')->count()
UNREAD		admin	app/Http/Controllers/Admin/SystemJobController.php:91	raw	WRITE	failed_jobs	convention:payload	none:-	9364f081d7	\Illuminate\Support\Facades\DB::table('failed_jobs')->truncate()
UNREAD		admin	app/Http/Controllers/Admin/SystemJobController.php:104	raw	read	failed_jobs	convention:payload	key:via>?	9b1c9c3c1e	\Illuminate\Support\Facades\DB::table('failed_jobs')->where('id', $id)->first()
UNREAD		admin	app/Http/Controllers/Admin/SystemJobController.php:197	removed	read	imports	shop_id	key:mixed(?,other)	8eb1dfa5a3	\App\Models\Import::withoutTenant()->where('id', $importId)->value('shop_id')
UNREAD		admin	app/Http/Controllers/Admin/SystemJobController.php:205	unscoped	read	shops	self:id	key:mixed(mixed(?,other),unowned)	cc16ac1528	\App\Models\Shop::query()->select('id', 'name')->find($shopId)
UNREAD		admin	app/Http/Controllers/Admin/UnresolvedPaymentController.php:28	unscoped	read	subscription_events	shop_id	none:-	d4ad5395d0	\App\Models\Platform\SubscriptionEvent::query()->whereIn('event_type', ['payment.unresolved', 'refund.invalid'])
UNREAD		admin	app/Http/Controllers/Admin/UserManagementController.php:21	unscoped	read	users	shop_id	mention:-	dbea1a6576	\App\Models\User::query()->with(['shop', 'role' => fn($builder) => $builder->withoutTenant()])->when($request->filled('q'), function ($builder) use ($request) { $q = trim((string) $request->q); $builder->where(function ($inner) use ($q) { $inner->where('mobile_number', 'like', "%{$q}%")->orWhere('name', 'ilike', "%{$q}%")->orWhere('email', 'ilike', "%{$q}%")->orWhere('first_name', 'ilike', "%{$q}%")->orWhere('last_name', 'ilike', "%{$q}%"); }); })->when($request->filled('status'), function ($builder) use ($request) { if ($request->status === 'active') { $builder->active(); } elseif ($request->status === 'inactive') { $builder->inactive(); } })->when($request->filled('scope'), function ($builder) use ($request) { if ($request->scope === 'shop_users') { $builder->whereNotNull('shop_id'); } if ($request->scope === 'super_admin') { $builder->whereRaw('1 = 0'); } })
UNREAD		admin	app/Http/Controllers/Admin/UserManagementController.php:24	removed	read	?	?	none:-	3dfdef0d2b	$builder->withoutTenant()
UNREAD		admin	app/Http/Controllers/Admin/UserManagementController.php:61	removed	read	?	?	none:-	196ac26f11	$builder->withoutTenant()
UNREAD		admin	app/Http/Controllers/Admin/UserManagementController.php:141	removed	read	roles	shop_id	key:REQUEST	956197cfdd	\App\Models\Role::withoutTenant()->findOrFail((int) $validated['role_id'])
UNREAD		admin	app/Http/Controllers/Admin/UserMobileController.php:44	unscoped	read	users	shop_id	orkey:via>?	e1e8490822	\App\Models\User::where('mobile_number', $validated['new_mobile_number'])->where('id', '!=', $user->id)->exists()
UNREAD		admin	app/Http/Controllers/Admin/UserMobileController.php:72	raw	WRITE	sessions	convention:user_id	key:via>?	3f0665d44d	\Illuminate\Support\Facades\DB::table('sessions')->where('user_id', $user->id)->delete()
earlier	read in the 11e91c3 round (handoff §7e); file unchanged since	tenant	app/Http/Controllers/AnnouncementDismissController.php:13	raw	WRITE	platform_announcement_dismissals	via:users	none:-	5ce6021e62	\Illuminate\Support\Facades\DB::table('platform_announcement_dismissals')->insertOrIgnore(['announcement_id' => $announcement->id, 'user_id' => auth()->id(), 'created_at' => now(), 'updated_at' => now()])
earlier	read in the 11e91c3 round (handoff §7e); file unchanged since	tenant	app/Http/Controllers/Api/Mobile/AuthController.php:47	unscoped	read	users	shop_id	none:-	db270523d1	\App\Models\User::where('mobile_number', $request->mobile_number)->first()
ok-self	the user authenticated by password in this request (lines 26-28): that user's own role, sessions and newly created token (reinspected: conservative trust rules)	tenant	app/Http/Controllers/Api/Mobile/AuthController.php:97	removed	read	mobile_device_sessions	shop_id	where:record?	aef3664687	\App\Models\MobileDeviceSession::withoutTenant()->where('user_id', $user->id)->where('shop_id', $user->shop_id)->whereNull('logged_out_at')->each(function (\App\Models\MobileDeviceSession $s) { $s->endSession('replaced'); })
ok-self	the user authenticated by password in this request (lines 26-28): that user's own role, sessions and newly created token (reinspected: conservative trust rules)	tenant	app/Http/Controllers/Api/Mobile/AuthController.php:127	raw	WRITE	personal_access_tokens	via:mobile_device_sessions	key:record?	c30a1c10f0	\Illuminate\Support\Facades\DB::table('personal_access_tokens')->where('id', $tokenObj->accessToken->id)->update(['mobile_device_session_id' => $session->id])
ok-self	the user authenticated by password in this request (lines 26-28): that user's own role, sessions and newly created token (reinspected: conservative trust rules)	tenant	app/Http/Controllers/Api/Mobile/AuthController.php:135	raw	read	roles	shop_id	where:record?	49bab609a6	\Illuminate\Support\Facades\DB::table('roles')->where('id', $user->role_id)->where('shop_id', $user->shop_id)->value('name')
trusted	constraint from context	tenant	app/Http/Controllers/Api/Mobile/AuthController.php:164	removed	read	mobile_device_sessions	shop_id	key:context	773be501fa	\App\Models\MobileDeviceSession::withoutTenant()->where('token_id', $token->id)->whereNull('logged_out_at')->first()
trusted	constraint from context	tenant	app/Http/Controllers/Api/Mobile/InvoiceController.php:289	unscoped	WRITE	invoice_payment_claims	shop_id	insert:context	b1134f8cc9	\App\Models\InvoicePaymentClaim::create(['invoice_id' => (int) $locked->id, 'shop_id' => $shopId, 'user_id' => (int) $request->user()->id, 'key' => $idempotencyKey, 'request_hash' => $requestHash, 'response_status' => 201, 'response_body' => null])
trusted	constraint from via>record	tenant	app/Http/Controllers/Api/Mobile/InvoiceController.php:568	unscoped	read	invoice_payment_claims	shop_id	key:via>record	5e703a36bf	\App\Models\InvoicePaymentClaim::query()->where('invoice_id', $invoiceId)->where('key', $key)->first()
trusted	constraint from context	tenant	app/Http/Controllers/Api/Mobile/ItemController.php:199	unscoped	read	pending_uploads	shop_id	where:context	4f91b7a64b	\App\Models\PendingUpload::where('upload_token', $validated['image_upload_id'])->where('shop_id', $shopId)->where('status', 'ready')->whereNull('consumed_at')->first()
trusted	constraint from context	tenant	app/Http/Controllers/Api/Mobile/ItemController.php:470	unscoped	read	pending_uploads	shop_id	where:context	b040c20f35	\App\Models\PendingUpload::where('upload_token', $validated['image_upload_id'])->where('shop_id', $shopId)->where('status', 'ready')->whereNull('consumed_at')->first()
trusted	constraint from context	tenant	app/Http/Controllers/Api/Mobile/ScanController.php:22	unscoped	read	scan_sessions	shop_id	where:context	d31a0f316b	\App\Models\ScanSession::where('token', $request->token)->where('shop_id', $request->user()->shop_id)->active()->first()
trusted	constraint from context	tenant	app/Http/Controllers/Api/Mobile/ScanController.php:83	unscoped	read	scan_sessions	shop_id	where:context	4b770cd0c4	\App\Models\ScanSession::where('token', $request->token)->where('shop_id', $request->user()->shop_id)->active()->first()
earlier	read in the 11e91c3 round (handoff §7e); file unchanged since	tenant	app/Http/Controllers/Api/Mobile/ScanController.php:108	unscoped	WRITE	scan_events	via:scan_sessions	none:-	35373ed527	\App\Models\ScanEvent::create(['scan_session_id' => $session->id, 'barcode' => $request->barcode, 'processed' => false, 'posted_by_user_id' => (int) $request->user()->id, 'posted_by_token_id' => $request->user()->currentAccessToken()?->id])
trusted	constraint from context	tenant	app/Http/Controllers/Api/Mobile/ScanController.php:156	unscoped	read	scan_sessions	shop_id	where:context	3d2ac617dd	\App\Models\ScanSession::where('token', $validated['token'])->where('shop_id', $request->user()->shop_id)->active()->first()
trusted	constraint from REQUEST	tenant	app/Http/Controllers/Api/Mobile/ScanController.php:169	unscoped	read	scan_events	via:scan_sessions	key:REQUEST	2ef58fb6b6	\App\Models\ScanEvent::where('scan_session_id', $session->id)->whereIn('id', $validated['event_ids'])->get(['id', 'processed'])->map(fn($e) => ['event_id' => (int) $e->id, 'processed' => (bool) $e->processed])->values()
trusted	constraint from context	tenant	app/Http/Controllers/Api/Mobile/ScanController.php:201	unscoped	read	scan_sessions	shop_id	where:context	b430952fad	\App\Models\ScanSession::where('token', $validated['token'])->where('shop_id', $request->user()->shop_id)->first()
trusted	constraint from context	tenant	app/Http/Controllers/Api/Mobile/V1/DevicePushTokenController.php:80	removed	read	mobile_device_sessions	shop_id	key:context	fb5347b6b3	\App\Models\MobileDeviceSession::withoutTenant()->whereNull('logged_out_at')->find($sessionId)
trusted	constraint from context	tenant	app/Http/Controllers/Api/Mobile/V1/ReferencePriceController.php:49	removed	read	shop_metal_reference_prices	shop_id	where:context	a589c96b01	\App\Models\ShopMetalReferencePrice::withoutTenant()->where('shop_id', $shopId)->where('metal_type', $metal)->with('notedBy:id,name')->orderByDesc('noted_at')->orderByDesc('id')->limit(self::HISTORY_LIMIT)->get()->map(fn($row) => $this->presentRow($row))->values()->all()
trusted	constraint from context	tenant	app/Http/Controllers/Api/Mobile/V1/SessionController.php:62	raw	read	roles	shop_id	where:context	74743dc63d	\Illuminate\Support\Facades\DB::table('roles')->where('id', $user->role_id)->where('shop_id', $user->shop_id)->value('name')
trusted	constraint from context	tenant	app/Http/Controllers/Api/Mobile/V1/SessionController.php:95	removed	WRITE	mobile_device_sessions	shop_id	key:context	e8d21ec006	\App\Models\MobileDeviceSession::withoutTenant()->where('id', $sessionId)->whereNull('logged_out_at')->update(['locked_at' => now()])
trusted	constraint from context	tenant	app/Http/Controllers/Api/Mobile/V1/SessionController.php:129	removed	WRITE	mobile_device_sessions	shop_id	key:context	a41bfc4624	\App\Models\MobileDeviceSession::withoutTenant()->where('id', $sessionId)->whereNull('logged_out_at')->update(['locked_at' => null])
trusted	constraint from context	tenant	app/Http/Controllers/Api/Mobile/V1/SessionController.php:243	unscoped	read	users	shop_id	where:context	e0c01237be	\App\Models\User::where('shop_id', $shopId)->find($targetUserId)
trusted	constraint from context	tenant	app/Http/Controllers/Api/Mobile/V1/UploadController.php:80	unscoped	read	pending_uploads	shop_id	where:context	f4ff543acc	\App\Models\PendingUpload::where('upload_token', $token)->where('shop_id', $request->user()->shop_id)->where('user_id', $request->user()->id)->first()
trusted	constraint from context	tenant	app/Http/Controllers/Api/Mobile/V1/UploadController.php:129	unscoped	read	pending_uploads	shop_id	where:context	15866c3074	\App\Models\PendingUpload::where('upload_token', $token)->where('shop_id', $request->user()->shop_id)->first()
earlier	read in the 11e91c3 round (handoff §7e); file unchanged since	tenant	app/Http/Controllers/Auth/RegisteredUserController.php:51	unscoped	WRITE	users	shop_id	none:-	54551bc662	\App\Models\User::create(['mobile_number' => $request->mobile_number, 'password' => \Illuminate\Support\Facades\Hash::make($request->password), 'realm' => $realm])
UNREAD		tenant	app/Http/Controllers/CatalogWebsiteSettingsController.php:50	unscoped	read	shops	self:id	none:-	069afc186b	\App\Models\Shop::generateUniqueCatalogSlug($shop->name, $shop->id)
trusted	constraint from via>context	tenant	app/Http/Controllers/CatalogWebsiteSettingsController.php:139	removed	read	catalog_pages	shop_id	where:via>context	99b38200a8	\App\Models\CatalogPage::withoutTenant()->where('shop_id', $shopId)->where('slug', $slug)->exists()
trusted	constraint from record	tenant	app/Http/Controllers/CategoryController.php:128	removed	read	products	shop_id	key:record	661c200e54	\App\Models\Product::withoutTenant()->where('category_id', $locked->id)->count()
trusted	constraint from record	tenant	app/Http/Controllers/CategoryController.php:129	removed	read	sub_categories	shop_id	key:record	945ebca43b	\App\Models\SubCategory::withoutTenant()->where('category_id', $locked->id)->count()
global	no tenant table: plans — plan catalog	tenant	app/Http/Controllers/DhiranOnboardingController.php:65	unscoped	read	plans	-	none:-	bb7927b19e	\App\Models\Platform\Plan::whereRaw('is_active IS TRUE')->with('platformProduct')->get()->first(fn(\App\Models\Platform\Plan $plan) => $plan->grantsEdition() === \App\Support\ShopEdition::DHIRAN && !is_null($plan->price_yearly))
UNREAD		tenant	app/Http/Controllers/DhiranOnboardingController.php:222	unscoped	WRITE	shops	self:id	none:-	99bdf2e6e6	\App\Models\Shop::create([ 'name' => $data['name'], 'shop_type' => \App\Support\ShopEdition::DHIRAN, 'phone' => $data['phone'], 'address' => $data['address'], 'city' => $data['city'], 'state' => $data['state'], 'country' => 'India', 'gst_number' => $data['gst_number'] ?? null, 'owner_first_name' => $ownerFirst, 'owner_last_name' => $ownerLast, 'owner_mobile' => $data['phone'], // Dhiran is a service product, not jewellery retail. These ERP // columns are NOT NULL on shops; set safe neutral defaults rather // than asking a Dhiran owner ERP questions. 'gst_rate' => 3.0, 'wastage_recovery_percent' => 0, ])
ok-self	the caller's own unbound subscription (user_id filter; id from the server-side session, whose only foreign-id path is refused by the L1 order-user check) and the shop created in this request (reinspected: conservative trust rules)	tenant	app/Http/Controllers/DhiranOnboardingController.php:265	unscoped	WRITE	shop_subscriptions	shop_id	key:record?	3af9aaf070	\App\Models\Platform\ShopSubscription::where('id', $subscriptionId)->whereNull('shop_id')->where('user_id', $user->id)->update(['shop_id' => $shop->id])
earlier	read in the 11e91c3 round (handoff §7e); file unchanged since	tenant	app/Http/Controllers/DhiranOnboardingController.php:270	unscoped	read	shop_subscriptions	shop_id	key:other	160670035a	\App\Models\Platform\ShopSubscription::find($subscriptionId)
ok-self	the caller's own unbound subscription (user_id filter; id from the server-side session, whose only foreign-id path is refused by the L1 order-user check) and the shop created in this request (reinspected: conservative trust rules)	tenant	app/Http/Controllers/DhiranOnboardingController.php:276	unscoped	read	platform_invoices	shop_id	key:record?	d2b52a16e5	\App\Models\Platform\PlatformInvoice::where('shop_subscription_id', $subscription->id)->exists()
ok-uniqueness	boolean: whether another account in the realm verified this email — login-identity uniqueness by design (reinspected: conservative trust rules)	tenant	app/Http/Controllers/EmailVerificationOtpController.php:37	unscoped	read	users	shop_id	orkey:context	a2289fde13	\App\Models\User::where('email', $email)->where('realm', $user->realm)->where('id', '!=', $user->id)->whereNotNull('email_verified_at')->exists()
global	no tenant table: - — names no table	tenant	app/Http/Controllers/HealthController.php:16	raw	read	-	-	none:-	5a37f2cbbd	\Illuminate\Support\Facades\DB::select('SELECT 1')
UNREAD		tenant	app/Http/Controllers/HealthController.php:22	raw	read	jobs	convention:payload	none:-	fac2846b98	\Illuminate\Support\Facades\DB::table('jobs')->count()
trusted	constraint from context	tenant	app/Http/Controllers/Historical/HistoricalManualEntryController.php:156	removed	read	customers	shop_id	where:context	f69672860b	\App\Models\Customer::withoutTenant()->where('shop_id', $shopId)->active()->where(function ($builder) use ($query, $digits): void { $builder->where('first_name', 'ilike', "%{$query}%")->orWhere('last_name', 'ilike', "%{$query}%")->orWhereRaw("CONCAT_WS(' ', first_name, last_name) ILIKE ?", ["%{$query}%"])->orWhere('gstin', 'ilike', "%{$query}%"); if (strlen($digits) >= 3) { $builder->orWhere('mobile', 'like', "%{$digits}%"); } })->orderByDesc('updated_at')->limit(8)->get(['id', 'first_name', 'last_name', 'mobile', 'customer_type'])
trusted	constraint from context	tenant	app/Http/Controllers/Historical/HistoricalManualEntryController.php:186	removed	read	customers	shop_id	where:context	ac3028a69d	\App\Models\Customer::withoutTenant()->where('shop_id', $shopId)->archived()->where('mobile', $mobile)->exists()
trusted	constraint from context	tenant	app/Http/Controllers/ItemController.php:92	raw	read	items	shop_id	where:context	c735c2422d	\Illuminate\Support\Facades\DB::table('items')->where('shop_id', $shopId)->selectRaw("\n COUNT(*) as total,\n COUNT(*) FILTER (WHERE status = 'in_stock') as in_stock,\n COUNT(*) FILTER (WHERE status = 'sold') as sold,\n COALESCE(SUM(selling_price) FILTER (WHERE status = 'in_stock'), 0) as total_stock_value,\n COALESCE(SUM(net_metal_weight * purity / 24.0) FILTER (WHERE status = 'in_stock' AND metal_type = 'gold'), 0) as total_fine_gold\n ")->first()
trusted	constraint from context	tenant	app/Http/Controllers/ItemController.php:112	raw	read	items	shop_id	where:context	9ac6fcc7f1	\Illuminate\Support\Facades\DB::table('items')->where('shop_id', $shopId)->where('status', 'in_stock')->whereNotNull('metal_type')->selectRaw('metal_type as metal, COALESCE(SUM(net_metal_weight), 0) as total_weight')->groupBy('metal')->pluck('total_weight', 'metal')
trusted	constraint from context	tenant	app/Http/Controllers/JobOrderController.php:231	unscoped	read	shops	self:id	key:context	443e50fa89	\App\Models\Shop::find(auth()->user()->shop_id)
trusted	constraint from context	tenant	app/Http/Controllers/JobOrderController.php:240	unscoped	read	shops	self:id	key:context	6f64ae31bb	\App\Models\Shop::find(auth()->user()->shop_id)
trusted	constraint from context	tenant	app/Http/Controllers/KarigarInvoiceController.php:246	unscoped	read	shops	self:id	key:context	3386c53d53	\App\Models\Shop::find(auth()->user()->shop_id)
ok-uniqueness	boolean: whether another user holds this mobile number — login-identity uniqueness by design (reinspected: conservative trust rules)	tenant	app/Http/Controllers/MobileChangeController.php:86	unscoped	read	users	shop_id	orkey:context	de82c6eab6	\App\Models\User::where('mobile_number', $validated['new_mobile_number'])->where('id', '!=', $user->id)->exists()
earlier	read in the 11e91c3 round (handoff §7e); file unchanged since	tenant	app/Http/Controllers/MobileChangeController.php:108	unscoped	WRITE	mobile_change_requests	via:users	none:-	0161953bbf	\App\Models\MobileChangeRequest::create(['user_id' => $user->id, 'new_mobile_number' => $validated['new_mobile_number'], 'otp_hash' => \Illuminate\Support\Facades\Hash::make($otp), 'expires_at' => now()->addMinutes(self::OTP_EXPIRY_MINUTES), 'attempts' => 0, 'requested_ip' => $request->ip(), 'user_agent' => substr((string) $request->userAgent(), 0, 255)])
ok-uniqueness	boolean: whether another user holds this mobile number — login-identity uniqueness by design (reinspected: conservative trust rules)	tenant	app/Http/Controllers/MobileChangeController.php:166	unscoped	read	users	shop_id	orkey:context	e9691f95ff	\App\Models\User::where('mobile_number', $pending->new_mobile_number)->where('id', '!=', $user->id)->exists()
trusted	constraint from via>context	tenant	app/Http/Controllers/MobileChangeController.php:208	unscoped	read	mobile_change_requests	via:users	key:via>context	e1a124ad12	\App\Models\MobileChangeRequest::where('user_id', $userId)->whereNull('consumed_at')->where('expires_at', '>', now())->latest()->first()
trusted	constraint from record	tenant	app/Http/Controllers/PaymentMethodController.php:54	removed	read	karigar_payments	shop_id	key:record	1bf423d385	\App\Models\KarigarPayment::withoutTenant()->where('payment_method_id', $method->id)->exists()
trusted	constraint from record	tenant	app/Http/Controllers/PaymentMethodController.php:56	removed	read	job_orders	shop_id	key:record	9f843098d3	\App\Models\JobOrder::withoutTenant()->where('advance_payment_method_id', $method->id)->exists()
trusted	constraint from record	tenant	app/Http/Controllers/ProductController.php:201	removed	read	items	shop_id	key:record	1d5d35db80	\App\Models\Item::withoutTenant()->where('product_id', $product->id)->count()
trusted	constraint from context	tenant	app/Http/Controllers/ProfileController.php:55	raw	WRITE	users	shop_id	key:context	ca7724b190	\Illuminate\Support\Facades\DB::table('users')->where('id', $user->id)->update(['is_active' => \Illuminate\Support\Facades\DB::raw('false')])
earlier	read in the 11e91c3 round (handoff §7e); file unchanged since	tenant	app/Http/Controllers/PublicCatalogController.php:16	removed	read	items	shop_id	token:via>?	4c57f8fad3	\App\Models\Item::withoutTenant()->with('shop')->where('share_token', $token)->firstOrFail()
earlier	read in the 11e91c3 round (handoff §7e); file unchanged since	tenant	app/Http/Controllers/PublicCatalogController.php:32	removed	read	public_catalog_collections	shop_id	token:via>?	1a3cc514a9	\App\Models\PublicCatalogCollection::withoutTenant()->with('shop')->where('token', $token)->firstOrFail()
trusted	constraint from context	tenant	app/Http/Controllers/ReferencePriceHistoryController.php:33	removed	read	shop_metal_reference_prices	shop_id	where:context	76bff09236	\App\Models\ShopMetalReferencePrice::withoutTenant()->where('shop_id', $shopId)->where('metal_type', $metal)->with(['notedBy:id,name'])->orderByDesc('noted_at')->orderByDesc('id')->limit(50)->get()
trusted	constraint from context	tenant	app/Http/Controllers/ScanSessionController.php:36	unscoped	WRITE	scan_sessions	shop_id	insert:context	450986f019	\App\Models\ScanSession::create(['shop_id' => $shopId, 'token' => $token, 'status' => 'active', 'expires_at' => $expiresAt])
trusted	constraint from context	tenant	app/Http/Controllers/ScanSessionController.php:79	unscoped	read	scan_sessions	shop_id	where:context	6524f524b9	\App\Models\ScanSession::where('token', $token)->where('shop_id', $shopId)->first()
trusted	constraint from record	tenant	app/Http/Controllers/ScanSessionController.php:85	unscoped	WRITE	scan_sessions	shop_id	key:record	417694de6f	\App\Models\ScanSession::where('id', $session->id)->update(['status' => 'expired'])
trusted	constraint from context	tenant	app/Http/Controllers/ScanSessionController.php:113	unscoped	read	scan_sessions	shop_id	where:context	bb3a57de7c	\App\Models\ScanSession::where('token', $token)->where('shop_id', $shopId)->first()
trusted	constraint from record	tenant	app/Http/Controllers/ScanSessionController.php:135	unscoped	read	scan_events	via:scan_sessions	key:record	e43cc9de6d	\App\Models\ScanEvent::where('scan_session_id', $session->id)->whereRaw('NOT processed')->orderBy('id')->lockForUpdate()->get()
trusted	constraint from record	tenant	app/Http/Controllers/ScanSessionController.php:142	unscoped	WRITE	scan_events	via:scan_sessions	key:record	3e6ae09eb6	\App\Models\ScanEvent::whereIn('id', $rows->pluck('id'))->update(['processed' => \Illuminate\Support\Facades\DB::raw('true')])
trusted	constraint from record	tenant	app/Http/Controllers/ScanSessionController.php:171	unscoped	read	scan_events	via:scan_sessions	key:record	114650e567	\App\Models\ScanEvent::where('scan_session_id', $session->id)->whereNotNull('posted_by_user_id')->selectRaw('posted_by_user_id, count(*) as scan_count, max(created_at) as last_at')->groupBy('posted_by_user_id')->get()
ok-token	public scan pairing: the 48-character session token is the credential by design (mobile(), postScan()); poll/expire look the session up with the caller's shop; posted_by_user_id is written from the authenticated poster (reinspected: conservative trust rules)	tenant	app/Http/Controllers/ScanSessionController.php:177	unscoped	read	users	shop_id	key:record-fk	28114737a8	\App\Models\User::whereIn('id', $scannerRows->pluck('posted_by_user_id'))->pluck('name', 'id')
ok-token	public scan pairing: the 48-character session token is the credential by design (mobile(), postScan()); poll/expire look the session up with the caller's shop; posted_by_user_id is written from the authenticated poster (reinspected: conservative trust rules)	tenant	app/Http/Controllers/ScanSessionController.php:232	removed	read	shop_preferences	shop_id	where:via>record?	db86f85d3e	\App\Models\ShopPreferences::withoutGlobalScopes()->where('shop_id', $shopId)->value('shop_access_enabled')
earlier	read in the 11e91c3 round (handoff §7e); file unchanged since	tenant	app/Http/Controllers/ScanSessionController.php:242	unscoped	read	scan_sessions	shop_id	token:via>?	939c04b0bf	\App\Models\ScanSession::where('token', $token)->first()
earlier	read in the 11e91c3 round (handoff §7e); file unchanged since	tenant	app/Http/Controllers/ScanSessionController.php:269	unscoped	read	scan_sessions	shop_id	token:REQUEST	a1d84b7c5a	\App\Models\ScanSession::where('token', $request->token)->first()
ok-token	public scan pairing: the 48-character session token is the credential by design (mobile(), postScan()); poll/expire look the session up with the caller's shop; posted_by_user_id is written from the authenticated poster (reinspected: conservative trust rules)	tenant	app/Http/Controllers/ScanSessionController.php:289	unscoped	read	scan_events	via:scan_sessions	token:REQUEST	3b99f390b8	\App\Models\ScanEvent::where('scan_session_id', $session->id)->where('barcode', $request->barcode)->where('created_at', '>=', now()->subSeconds(2))->lockForUpdate()->exists()
earlier	read in the 11e91c3 round (handoff §7e); file unchanged since	tenant	app/Http/Controllers/ScanSessionController.php:300	unscoped	WRITE	scan_events	via:scan_sessions	none:-	d82fe745a7	\App\Models\ScanEvent::create(['scan_session_id' => $session->id, 'barcode' => $request->barcode])
global	no tenant table: permissions — permission catalog	tenant	app/Http/Controllers/SettingsController.php:95	unscoped	read	permissions	-	none:-	307dac9234	\App\Models\Permission::orderBy('group')->orderBy('name')->get()
trusted	constraint from context	tenant	app/Http/Controllers/SettingsController.php:104	unscoped	read	users	shop_id	where:context	df094757e6	\App\Models\User::with('role')->where('shop_id', $shop->id)->orderByRaw('COALESCE(name, mobile_number) ASC')->get()
trusted	constraint from context	tenant	app/Http/Controllers/SettingsController.php:166	unscoped	read	users	shop_id	where:context	06098346d8	\App\Models\User::where('shop_id', $shop->id)->get(['id', 'name', 'mobile_number'])
global	no tenant table: platform_settings — platform settings	tenant	app/Http/Controllers/SettingsController.php:252	unscoped	read	platform_settings	-	none:-	78e467d279	\App\Models\Platform\PlatformSetting::enabledShopTypes()
trusted	constraint from context	tenant	app/Http/Controllers/SettingsController.php:267	unscoped	read	shop_editions	shop_id	where:context	4c28203e97	\App\Models\ShopEditionAssignment::where('shop_id', $shop->id)->whereNull('deactivated_at')->get()->keyBy('edition')
trusted	constraint from context	tenant	app/Http/Controllers/SettingsController.php:279	unscoped	read	shop_subscriptions	shop_id	where:context	5e36e6c951	\App\Models\Platform\ShopSubscription::where('shop_id', $shop->id)->with('plan')->latest('id')->first()
trusted	constraint from context	tenant	app/Http/Controllers/SettingsController.php:298	unscoped	read	platform_invoices	shop_id	where:context	5330806fe8	\App\Models\Platform\PlatformInvoice::where('shop_id', $shop->id)->with('plan')->latest('issued_at')->paginate(10)->withQueryString()
trusted	constraint from context	tenant	app/Http/Controllers/SettingsController.php:431	unscoped	read	users	shop_id	where:context	c12a65f87d	\App\Models\User::where('shop_id', $shop->id)->whereHas('role', fn($q) => $q->where('name', 'owner'))->first()
trusted	constraint from context	tenant	app/Http/Controllers/SettingsController.php:590	unscoped	read	shop_counters	shop_id	where:context	ff9ecf0479	\App\Models\ShopCounter::query()->where('shop_id', $shop->id)->where('counter_key', \App\Services\BusinessIdentifierService::KEY_INVOICE)->lockForUpdate()->first()
trusted	constraint from context	tenant	app/Http/Controllers/SettingsController.php:605	unscoped	WRITE	shop_counters	shop_id	insert:context	e94fd6503f	\App\Models\ShopCounter::query()->create(['shop_id' => $shop->id, 'counter_key' => \App\Services\BusinessIdentifierService::KEY_INVOICE, 'current_value' => $nextSafeBase])
trusted	constraint from context	tenant	app/Http/Controllers/SettingsController.php:715	raw	read	items	shop_id	where:context	0898629399	\Illuminate\Support\Facades\DB::table('items')->where('shop_id', $shop->id)->where('metal_type', $metal)->whereNotIn('status', $disposedStatuses)->count()
earlier	read in the 11e91c3 round (handoff §7e); file unchanged since	tenant	app/Http/Controllers/SettingsController.php:735	raw	read	shop_enabled_metals	shop_id	none:-	5e6e8eb678	\Illuminate\Support\Facades\DB::table('shop_enabled_metals')->where($key)->exists()
earlier	read in the 11e91c3 round (handoff §7e); file unchanged since	tenant	app/Http/Controllers/SettingsController.php:742	raw	WRITE	shop_enabled_metals	shop_id	none:-	41a2364978	\Illuminate\Support\Facades\DB::table('shop_enabled_metals')->updateOrInsert($key, $values)
global	no tenant table: permissions — permission catalog	tenant	app/Http/Controllers/SettingsController.php:949	unscoped	read	permissions	-	none:-	632b08ddd5	\App\Models\Permission::where('group', '!=', 'dhiran')->orWhereNull('group')->pluck('id')->map(fn($id) => (int) $id)
global	no tenant table: permissions — permission catalog	tenant	app/Http/Controllers/SettingsController.php:972	unscoped	read	permissions	-	key:other	f10c13e202	\App\Models\Permission::whereIn('id', $addedIds)->pluck('name')->all()
global	no tenant table: permissions — permission catalog	tenant	app/Http/Controllers/SettingsController.php:973	unscoped	read	permissions	-	key:other	f65ec7509b	\App\Models\Permission::whereIn('id', $removedIds)->pluck('name')->all()
trusted	constraint from context	tenant	app/Http/Controllers/SettingsController.php:1018	removed	read	audit_logs	shop_id	where:context	5a3ed8a06c	\App\Models\AuditLog::withoutGlobalScopes()->where('shop_id', $shopId)->with('user:id,name,mobile_number')->when($fAction, fn($q) => $q->where('action', $fAction))->when($fUser, fn($q) => $q->where('user_id', $fUser))->when($fFrom, fn($q) => $q->whereDate('created_at', '>=', $fFrom))->when($fTo, fn($q) => $q->whereDate('created_at', '<=', $fTo))->orderByDesc('created_at')->orderByDesc('id')
global	no tenant table: platform_products — product catalog	tenant	app/Http/Controllers/SettingsController.php:1095	unscoped	read	platform_products	-	none:-	45e1a5ec9c	\App\Models\Platform\PlatformProduct::codeForEdition($edition)
global	no tenant table: platform_products — product catalog	tenant	app/Http/Controllers/SettingsController.php:1096	unscoped	read	platform_products	-	token:unowned	f9f205b043	\App\Models\Platform\PlatformProduct::where('code', $productCode)->first()
global	no tenant table: plans — plan catalog	tenant	app/Http/Controllers/SettingsController.php:1110	unscoped	read	plans	-	key:record?	d5d9253968	\App\Models\Platform\Plan::whereRaw('is_active IS TRUE')->where('platform_product_id', $product->id)->orderBy('price_monthly')->get()
global	no tenant table: platform_settings — platform settings	tenant	app/Http/Controllers/ShopController.php:46	unscoped	read	platform_settings	-	none:-	3e17697be6	\App\Models\Platform\PlatformSetting::erpSelectableShopTypes()
global	no tenant table: platform_settings — platform settings	tenant	app/Http/Controllers/ShopController.php:80	unscoped	read	platform_settings	-	none:-	e54ca75e23	\App\Models\Platform\PlatformSetting::erpChooserOffersAChoice()
UNREAD		tenant	app/Http/Controllers/ShopController.php:301	unscoped	WRITE	shops	self:id	none:-	7ef4e292ce	\App\Models\Shop::create($data)
trusted	constraint from context	tenant	app/Http/Controllers/ShopController.php:326	unscoped	WRITE	shop_subscriptions	shop_id	key:context	d1659bc737	\App\Models\Platform\ShopSubscription::where('id', $subscriptionId)->whereNull('shop_id')->where('user_id', $user->id)->update(['shop_id' => $shop->id])
earlier	read in the 11e91c3 round (handoff §7e); file unchanged since	tenant	app/Http/Controllers/ShopController.php:336	unscoped	read	shop_subscriptions	shop_id	key:other	7ca0bd2caa	\App\Models\Platform\ShopSubscription::find($subscriptionId)
ok-self	as DhiranOnboardingController: own unbound subscription, the shop created in this request (reinspected: conservative trust rules)	tenant	app/Http/Controllers/ShopController.php:345	unscoped	read	platform_invoices	shop_id	key:record?	9d3c189d2c	\App\Models\Platform\PlatformInvoice::where('shop_subscription_id', $subscription->id)->exists()
ok-self	as DhiranOnboardingController: own unbound subscription, the shop created in this request (reinspected: conservative trust rules)	tenant	app/Http/Controllers/ShopController.php:367	unscoped	read	shop_subscriptions	shop_id	where:record?	b701adf8d6	\App\Models\Platform\ShopSubscription::where('shop_id', $shop->id)->latest('id')->first()
global	no tenant table: platform_settings — platform settings	tenant	app/Http/Controllers/ShopServicesController.php:62	unscoped	read	platform_settings	-	none:-	76180c0164	\App\Models\Platform\PlatformSetting::enabledShopTypes()
global	no tenant table: platform_products — product catalog	tenant	app/Http/Controllers/ShopServicesController.php:112	unscoped	read	platform_products	-	token:REQUEST	3a21fd6496	\App\Models\Platform\PlatformProduct::where('code', $validated['product'])->first()
global	no tenant table: plans — plan catalog	tenant	app/Http/Controllers/ShopServicesController.php:285	unscoped	read	plans	-	key:via>unowned	96735236d4	\App\Models\Platform\Plan::whereRaw('is_active IS TRUE')->where('platform_product_id', $product->id)->orderBy('price_monthly')->get()
trusted	constraint from via>context	tenant	app/Http/Controllers/ShopServicesController.php:371	raw	read	dhiran_loans	shop_id	where:via>context	f34ace79a2	\Illuminate\Support\Facades\DB::table('dhiran_loans')->where('shop_id', $shop->id)->whereIn('status', ['active', 'renewed'])->exists()
trusted	constraint from context	tenant	app/Http/Controllers/StaffController.php:83	unscoped	WRITE	users	shop_id	insert:context	aa9d350cb8	\App\Models\User::create([ 'name' => $validated['name'], 'mobile_number' => $validated['mobile_number'], // email is nullable+optional, so it may be absent from $validated. 'email' => $validated['email'] ?? null, 'password' => \Illuminate\Support\Facades\Hash::make($validated['password']), 'shop_id' => $shopId, 'role_id' => $validated['role_id'], ])
trusted	constraint from context	tenant	app/Http/Controllers/StockPurchaseController.php:65	raw	read	stock_purchases	shop_id	where:context	5768ee7a5e	\Illuminate\Support\Facades\DB::table('stock_purchases')->where('shop_id', $shopId)->selectRaw("\n COUNT(*) FILTER (WHERE status = 'confirmed') as total_confirmed,\n COALESCE(SUM(total_amount) FILTER (WHERE status = 'confirmed' AND purchase_date >= date_trunc('month', CURRENT_DATE)), 0) as month_amount,\n COUNT(*) FILTER (WHERE status = 'draft') as drafts_pending\n ")->first()
trusted	constraint from context	tenant	app/Http/Controllers/StockPurchaseController.php:74	embedded	read	stock_purchases	shop_id	where:context	13d4c6dda9	\App\Models\StockPurchaseItem::query()->join('stock_purchases', 'stock_purchases.id', '=', 'stock_purchase_items.stock_purchase_id')->where('stock_purchases.shop_id', $shopId)->where('stock_purchases.status', 'confirmed')->whereRaw("stock_purchases.purchase_date >= date_trunc('month', CURRENT_DATE)")->whereIn('stock_purchase_items.line_type', ['ornament', 'bullion_for_sale'])->count()
trusted	constraint from context	tenant	app/Http/Controllers/StockPurchaseController.php:74	unscoped	read	stock_purchase_items	shop_id	where:context	a04ecf7e27	\App\Models\StockPurchaseItem::query()->join('stock_purchases', 'stock_purchases.id', '=', 'stock_purchase_items.stock_purchase_id')->where('stock_purchases.shop_id', $shopId)->where('stock_purchases.status', 'confirmed')->whereRaw("stock_purchases.purchase_date >= date_trunc('month', CURRENT_DATE)")->whereIn('stock_purchase_items.line_type', ['ornament', 'bullion_for_sale'])->count()
ok-record	re-locks the vault line the action already verified against its purchase (purchase-identity guard; StockPurchaseLineOwnershipTest, reused) (reinspected: conservative trust rules)	tenant	app/Http/Controllers/StockPurchaseController.php:243	unscoped	read	stock_purchase_items	shop_id	key:record?	f527653c6f	\App\Models\StockPurchaseItem::where('id', $line->id)->lockForUpdate()->firstOrFail()
earlier	read in the 11e91c3 round (handoff §7e); file unchanged since	tenant	app/Http/Controllers/StockPurchaseController.php:609	unscoped	read	stock_purchase_items	shop_id	key:loop	197eb8e572	\App\Models\StockPurchaseItem::find($lineData['id'])
global	no tenant table: platform_settings — platform settings	tenant	app/Http/Controllers/SubscriptionController.php:75	unscoped	read	platform_settings	-	none:-	3d9c3987e9	\App\Models\Platform\PlatformSetting::enabledShopTypes()
global	no tenant table: platform_settings — platform settings	tenant	app/Http/Controllers/SubscriptionController.php:77	unscoped	read	platform_settings	-	none:-	924554d7da	\App\Models\Platform\PlatformSetting::onlyEnabledType()
global	no tenant table: plans — plan catalog	tenant	app/Http/Controllers/SubscriptionController.php:90	unscoped	read	plans	-	none:-	a5e50dc921	\App\Models\Platform\Plan::whereRaw('is_active IS TRUE')->with('platformProduct')->orderBy('price_monthly')->get()
global	no tenant table: platform_settings — platform settings	tenant	app/Http/Controllers/SubscriptionController.php:115	unscoped	read	platform_settings	-	none:-	70f872f7eb	\App\Models\Platform\PlatformSetting::trialDays()
trusted	constraint from context	tenant	app/Http/Controllers/SubscriptionController.php:155	unscoped	read	shop_subscriptions	shop_id	where:context	46428abfe4	\App\Models\Platform\ShopSubscription::query()->where('shop_id', $shopId)->latest('id')->first()
earlier	read in the 11e91c3 round (handoff §7e); file unchanged since	tenant	app/Http/Controllers/SubscriptionController.php:187	unscoped	read	shop_subscriptions	shop_id	none:-	d627d0be12	\App\Models\Platform\ShopSubscription::blocksNewPaidTerm($this->currentSubscription(), $shop)
global	no tenant table: plans — plan catalog	tenant	app/Http/Controllers/SubscriptionController.php:329	unscoped	read	plans	-	key:REQUEST	eb5d25db36	\App\Models\Platform\Plan::whereRaw('is_active IS TRUE')->find($validated['plan_id'])
global	no tenant table: plans — plan catalog	tenant	app/Http/Controllers/SubscriptionController.php:387	unscoped	read	plans	-	key:REQUEST	e782e120b7	\App\Models\Platform\Plan::whereRaw('is_active IS TRUE')->find($validated['plan_id'])
global	no tenant table: plans — plan catalog	tenant	app/Http/Controllers/SubscriptionController.php:439	unscoped	read	plans	-	key:other	09eb54ba64	\App\Models\Platform\Plan::whereRaw('is_active IS TRUE')->find($planId)
global	no tenant table: plans — plan catalog	tenant	app/Http/Controllers/SubscriptionController.php:510	unscoped	read	plans	-	ortoken:other	78e8c8da00	\App\Models\Platform\Plan::whereRaw('is_active IS TRUE')->where('code', 'like', $shopType . '_%')->latest('id')->first()
global	no tenant table: plans — plan catalog	tenant	app/Http/Controllers/SubscriptionController.php:528	unscoped	read	plans	-	key:mixed(other,mixed(other,mixed(other,mixed(other,mixed(other,mixed(other,mixed(other,mixed(other,mixed(other,mixed(other,?))))))))))	51244eccd2	\App\Models\Platform\Plan::whereRaw('is_active IS TRUE')->find($planId)
trusted	constraint from context	tenant	app/Http/Controllers/SubscriptionController.php:823	unscoped	read	shop_subscriptions	shop_id	where:context	def00cf8cc	\App\Models\Platform\ShopSubscription::where('shop_id', $shop->id)->with('plan')->latest('id')->first()
trusted	constraint from context	tenant	app/Http/Controllers/SubscriptionController.php:865	unscoped	read	platform_invoices	shop_id	where:context	e0f18f3df3	\App\Models\Platform\PlatformInvoice::where('shop_id', $shop->id)->with('plan')->latest('issued_at')->paginate(10)->withQueryString()
global	no tenant table: platform_settings — platform settings	tenant	app/Http/Middleware/CheckMaintenanceMode.php:25	unscoped	read	platform_settings	-	none:-	05ea0b7eda	\App\Models\Platform\PlatformSetting::bool('maintenance_mode', false)
global	no tenant table: platform_settings — platform settings	tenant	app/Http/Middleware/CheckMaintenanceMode.php:26	unscoped	read	platform_settings	-	none:-	dda99ab5a8	\App\Models\Platform\PlatformSetting::get('maintenance_message', 'JewelFlows is temporarily down for maintenance. We\'ll be back shortly.')
trusted	constraint from context	tenant	app/Http/Middleware/EnforceSessionAlive.php:55	removed	read	mobile_device_sessions	shop_id	key:context	c4adfd83cc	\App\Models\MobileDeviceSession::withoutTenant()->find($sessionId)
trusted	constraint from context	tenant	app/Http/Middleware/EnforceSessionAlive.php:70	removed	WRITE	mobile_device_sessions	shop_id	key:context	d0e6424bd4	\App\Models\MobileDeviceSession::withoutTenant()->where('id', $sessionId)->whereNull('logged_out_at')->update(['last_seen_at' => now()])
trusted	constraint from context	tenant	app/Http/Middleware/EnsureIdempotency.php:138	unscoped	read	idempotency_keys	shop_id	where:context	4d693e7dde	\App\Models\IdempotencyKey::query()->where('shop_id', $shopId)->where('user_id', $userId)->where('key', $key)->first()
trusted	constraint from context	tenant	app/Http/Middleware/EnsureIdempotency.php:237	unscoped	WRITE	idempotency_keys	shop_id	insert:context	9bf312462c	\App\Models\IdempotencyKey::create(['shop_id' => $shopId, 'user_id' => $userId, 'key' => $key, 'request_hash' => $requestHash, 'response_status' => self::STATUS_IN_FLIGHT, 'response_body' => null])
global	no tenant table: - — names no table	tenant	app/Http/Middleware/EnsureIdempotency.php:466	raw	read	-	-	none:-	dfd0906d1f	\Illuminate\Support\Facades\DB::selectOne('select pg_try_advisory_lock(hashtextextended(?, 0)) as locked', [$lockKey], false)
global	no tenant table: - — names no table	tenant	app/Http/Middleware/EnsureIdempotency.php:482	raw	read	-	-	none:-	0ec444d62d	\Illuminate\Support\Facades\DB::selectOne('select pg_advisory_unlock(hashtextextended(?, 0))', [$lockKey], false)
trusted	constraint from context	tenant	app/Http/Middleware/EnsureSubscriptionIsActive.php:100	unscoped	read	shop_subscriptions	shop_id	where:context	00b819b9a2	\App\Models\Platform\ShopSubscription::query()->where('shop_id', $shop->id)->latest('id')->first()
UNREAD		tenant	app/Http/Middleware/ResolveCatalogShop.php:18	unscoped	read	shops	self:id	token:REQUEST	9acd1c875d	\App\Models\Shop::where('catalog_slug', $slug)->active()->first()
earlier	read in the 11e91c3 round (handoff §7e); file unchanged since	tenant	app/Http/Requests/Auth/LoginRequest.php:75	unscoped	read	users	shop_id	none:-	a28848085b	\App\Models\User::where('mobile_number', $this->input('mobile_number'))->where('realm', $realm)->exists()
UNREAD		tenant	app/Jobs/AssignPlanToShop.php:30	unscoped	read	shops	self:id	key:property	fa03b2bca8	\App\Models\Shop::find($this->shopId)
global	no tenant table: plans — plan catalog	tenant	app/Jobs/AssignPlanToShop.php:31	unscoped	read	plans	-	key:property	c7deb1a351	\App\Models\Platform\Plan::find($this->planId)
ok-platform	platform-admin job (adminId in the payload); the shop is the one the admin chose (reinspected: conservative trust rules)	tenant	app/Jobs/AssignPlanToShop.php:41	unscoped	WRITE	shop_subscriptions	shop_id	insert:record?	a6e89c9da8	\App\Models\Platform\ShopSubscription::create(['shop_id' => $shop->id, 'plan_id' => $plan->id, 'status' => 'active', 'billing_cycle' => 'monthly', 'starts_at' => now(), 'ends_at' => now()->addMonth(), 'price_paid' => $plan->price_monthly ?? 0, 'updated_by_admin_id' => $this->adminId, 'notes' => 'Bulk plan assignment by platform admin.'])
ok-platform	writes the platform feed's global rates (shop_id null by design)	tenant	app/Jobs/FetchLiveMetalRatesJob.php:59	unscoped	WRITE	metal_rates	shop_id	insert:other	1d7adc9bd4	\App\Models\MetalRate::record(['shop_id' => null, 'metal_type' => $row['metal_type'], 'purity' => $row['purity'], 'rate_per_gram' => $row['rate_per_gram'], 'source' => 'api', 'fetched_at' => $row['fetched_at'] ?? $now, 'created_at' => $now])
earlier	read in the 11e91c3 round (handoff §7e); file unchanged since	tenant	app/Jobs/ProcessBulkImportJob.php:28	removed	read	imports	shop_id	key:property	16b18aa7a6	\App\Models\Import::withoutTenant()->where('id', $this->importId)->lockForUpdate()->first()
UNREAD		tenant	app/Jobs/SendBulkShopEmail.php:30	unscoped	read	shops	self:id	key:property	eba52cbcef	\App\Models\Shop::find($this->shopId)
earlier	read in the 11e91c3 round (handoff §7e); file unchanged since	tenant	app/Jobs/SendPlatformInvoiceEmail.php:47	unscoped	read	platform_invoices	shop_id	key:property	49be5bf599	\App\Models\Platform\PlatformInvoice::with(['shop', 'plan'])->find($this->invoiceId)
global	no tenant table: platform_backup_log — whole-database backup runs	tenant	app/Jobs/TriggerBackupJob.php:33	raw	WRITE	platform_backup_log	-	key:property	bce91ad1c5	\Illuminate\Support\Facades\DB::table('platform_backup_log')->where('id', $this->logId)->update(['status' => $exitCode === 0 ? 'success' : 'failed', 'size_bytes' => $sizeBytes, 'filename' => basename($filename), 'completed_at' => now(), 'notes' => $exitCode !== 0 ? "pg_dump exited with code {$exitCode}" : null, 'updated_at' => now()])
global	no tenant table: platform_backup_log — whole-database backup runs	tenant	app/Jobs/TriggerBackupJob.php:44	raw	WRITE	platform_backup_log	-	key:property	d2477b5cef	\Illuminate\Support\Facades\DB::table('platform_backup_log')->where('id', $this->logId)->update(['status' => 'failed', 'completed_at' => now(), 'notes' => $e->getMessage(), 'updated_at' => now()])
ok-self	instance method updating its own row by its own id (reinspected: conservative trust rules)	tenant	app/Models/ComplianceAlert.php:55	raw	WRITE	compliance_alerts	shop_id	key:self	e5481b1c2c	\Illuminate\Support\Facades\DB::table('compliance_alerts')->where('id', $this->id)->update(['resolved' => \Illuminate\Support\Facades\DB::raw('true'), 'resolved_by' => $userId, 'resolved_at' => now(), 'resolution_notes' => $notes, 'updated_at' => now()])
UNREAD		tenant	app/Models/Concerns/ArchivableParty.php:113	removed	read	?	?	where:via>context	1bcabd6d29	static::withoutTenant()->where('shop_id', $shopId)->whereKey($value)->first()
ok-context	shopId traced: callers pass the caller's shop or an owned invoice's shop (InstallmentService, QuickBillService); the id from the request is looked up inside that shop (reinspected: conservative trust rules)	tenant	app/Models/Concerns/ArchivableParty.php:157	removed	read	?	?	key:via>mixed(record?,REQUEST,context,owned,other,?)	8fc7e0fbaa	static::withoutTenant()->where('shop_id', $shopId)->whereKey($id)->lockForUpdate()->first()
earlier	read in the 11e91c3 round (handoff §7e); file unchanged since	tenant	app/Models/Concerns/BelongsToShop.php:37	removed	read	?	?	none:-	c9016396be	$query->withoutGlobalScope('shop')
ok-self	the saved settings row's own shop (model event) / getForShop for the shop created in onboarding or a loan's own shop (reinspected: conservative trust rules)	tenant	app/Models/Dhiran/DhiranSettings.php:85	unscoped	WRITE	shop_editions	shop_id	where:record?	d179756779	\App\Models\ShopEditionAssignment::updateOrCreate(['shop_id' => $settings->shop_id, 'edition' => 'dhiran'], ['activated_at' => now(), 'deactivated_at' => null, 'deactivated_by' => null, 'deactivation_reason' => null])
ok-self	the saved settings row's own shop (model event) / getForShop for the shop created in onboarding or a loan's own shop (reinspected: conservative trust rules)	tenant	app/Models/Dhiran/DhiranSettings.php:95	unscoped	WRITE	shop_editions	shop_id	where:record?	29e7c82a6c	\App\Models\ShopEditionAssignment::where('shop_id', $settings->shop_id)->where('edition', 'dhiran')->whereNull('deactivated_at')->update(['deactivated_at' => now(), 'deactivation_reason' => 'Dhiran module disabled in settings'])
ok-self	the saved settings row's own shop (model event) / getForShop for the shop created in onboarding or a loan's own shop (reinspected: conservative trust rules)	tenant	app/Models/Dhiran/DhiranSettings.php:110	removed	WRITE	dhiran_settings	shop_id	where:via>mixed(context,record,owned,self,record?)	579ef95634	static::withoutGlobalScope('shop')->where('shop_id', $shopId)->firstOrCreate(['shop_id' => $shopId], ['is_enabled' => false, 'default_interest_rate_monthly' => 2.0, 'default_interest_type' => 'flat', 'default_penalty_rate_monthly' => 0.5, 'default_ltv_ratio' => 75.0, 'high_value_ltv_ratio' => 75.0, 'high_value_threshold' => 250000.0, 'default_tenure_months' => 12, 'default_min_lock_months' => 0, 'default_min_interest_months' => 1, 'min_loan_amount' => 1000.0, 'max_loan_amount' => 5000000.0, 'processing_fee_type' => 'flat', 'processing_fee_value' => 0, 'grace_period_days' => 30, 'forfeiture_notice_days' => 30, 'loan_number_prefix' => 'DH-', 'kyc_mandatory' => true, 'sms_reminders_enabled' => false, 'reminder_days_before_due' => 7])
ok-self	reads its own parent document's lifecycle status (an enum); a database trigger enforces the same rule (reinspected: conservative trust rules)	tenant	app/Models/Historical/HistoricalSalesLine.php:105	removed	read	historical_sales_documents	shop_id	key:self	7df883ae89	\App\Models\Historical\HistoricalSalesDocument::withoutTenant()->whereKey($this->historical_sales_document_id)->value('status')
ok-invariant	the same-shop guard itself (assertPaymentMethodBelongsToOwnShop), or lifecycle / is_active of its own references (reinspected: conservative trust rules)	tenant	app/Models/Historical/HistoricalSalesPayment.php:192	removed	read	shop_payment_methods	shop_id	key:self	00639c5707	\App\Models\ShopPaymentMethod::withoutTenant()->find($this->shop_payment_method_id)
ok-invariant	the same-shop guard itself (assertPaymentMethodBelongsToOwnShop), or lifecycle / is_active of its own references (reinspected: conservative trust rules)	tenant	app/Models/Historical/HistoricalSalesPayment.php:276	removed	read	historical_sales_documents	shop_id	key:self	fedd0e6825	\App\Models\Historical\HistoricalSalesDocument::withoutTenant()->whereKey($this->historical_sales_document_id)->value('status')
ok-invariant	the same-shop guard itself (assertPaymentMethodBelongsToOwnShop), or lifecycle / is_active of its own references (reinspected: conservative trust rules)	tenant	app/Models/Historical/HistoricalSalesPayment.php:303	removed	read	shop_payment_methods	shop_id	key:self	462ae78ab7	\App\Models\ShopPaymentMethod::withoutTenant()->find($this->shop_payment_method_id)
ok-self	instance method deactivating its own row; called by KycDocumentService on a scoped-bound document (KYC suites, reused) (reinspected: conservative trust rules)	tenant	app/Models/KycDocument.php:79	raw	WRITE	kyc_documents	shop_id	key:self	8deeadaa14	\Illuminate\Support\Facades\DB::table('kyc_documents')->where('id', $this->id)->update(['is_active' => \Illuminate\Support\Facades\DB::raw('false'), 'updated_at' => now()])
earlier	read in the 11e91c3 round (handoff §7e); file unchanged since	tenant	app/Models/MetalMovement.php:32	removed	read	metal_lots	shop_id	key:via>mixed(context,other)	06c98ff387	\App\Models\MetalLot::withoutTenant()->whereKey($attributes['to_lot_id'])->value('metal_type')
earlier	read in the 11e91c3 round (handoff §7e); file unchanged since	tenant	app/Models/MetalMovement.php:36	removed	read	metal_lots	shop_id	key:via>mixed(context,other)	a6137f17f1	\App\Models\MetalLot::withoutTenant()->whereKey($attributes['from_lot_id'])->value('metal_type')
latent	latestFor() has no caller; called without a shopId it would return the newest rate of any shop — remove or require the shop	tenant	app/Models/MetalRate.php:47	unscoped	read	metal_rates	shop_id	none:-	2401bc1cb8	static::query()->where('metal_type', $metal)->where('purity', $purity)
ok-context	shopId traced: ShopPricingService passes the caller's shop or a shop row it looked up by that id (reinspected: conservative trust rules)	tenant	app/Models/MetalRate.php:70	unscoped	read	metal_rates	shop_id	where:via>mixed(unowned,context)	c775cf3010	static::query()->where('shop_id', $shopId)->where('business_date', $businessDate)->where('metal_type', $metalType)->where('purity_value', (float) number_format($purityValue, 3, '.', ''))->orderByDesc('fetched_at')->orderByDesc('id')->first()
ok-self	the session's own token (reinspected: conservative trust rules)	tenant	app/Models/MobileDeviceSession.php:110	raw	read	personal_access_tokens	via:mobile_device_sessions	key:self	e440b78d4c	\Illuminate\Support\Facades\DB::table('personal_access_tokens')->where('id', $this->token_id)->value('last_used_at')
global	no tenant table: platform_admins — platform staff	admin	app/Models/Platform/PlatformAdmin.php:113	unscoped	read	platform_admins	-	none:-	2392b365fa	static::countActiveSuperAdminsExcluding($admin->id)
global	no tenant table: platform_admins — platform staff	admin	app/Models/Platform/PlatformAdmin.php:124	unscoped	read	platform_admins	-	none:-	2392b365fa	static::countActiveSuperAdminsExcluding($admin->id)
global	no tenant table: platform_admins — platform staff	admin	app/Models/Platform/PlatformAdmin.php:128	unscoped	read	platform_admins	-	none:-	2392b365fa	static::countActiveSuperAdminsExcluding($admin->id)
global	no tenant table: platform_admins — platform staff	admin	app/Models/Platform/PlatformAdmin.php:148	unscoped	read	platform_admins	-	none:-	cf86a0cffc	static::query()->where('role', 'super_admin')->whereRaw('is_active IS TRUE')->when($excludeId, fn($q) => $q->whereKeyNot($excludeId))->count()
UNREAD		admin	app/Models/Platform/PlatformAnnouncement.php:95	unscoped	read	platform_announcements	convention:target	none:-	02537b1f3a	static::query()->active()->ofType(self::TYPE_CROSS_PROMO)->orderByDesc('created_at')->get()->first(fn(self $a) => $a->isForRealm($realm))
global	no tenant table: platform_feature_flags — feature flags (per-shop overrides are platform configuration)	admin	app/Models/Platform/PlatformFeatureFlag.php:20	unscoped	read	platform_feature_flags	-	key:via>?	89bd9d7b9f	static::where('key', $key)->where('scope', 'shop')->where('scope_id', $shopId)->value('enabled')
global	no tenant table: platform_feature_flags — feature flags (per-shop overrides are platform configuration)	admin	app/Models/Platform/PlatformFeatureFlag.php:29	unscoped	read	platform_feature_flags	-	none:-	6920b636df	static::where('key', $key)->where('scope', 'global')->value('enabled')
global	no tenant table: platform_feature_flags — feature flags (per-shop overrides are platform configuration)	admin	app/Models/Platform/PlatformFeatureFlag.php:45	unscoped	read	platform_feature_flags	-	none:-	e75a085b4b	static::where('scope', 'global')->orderBy('key')->get()
global	no tenant table: platform_products — product catalog	admin	app/Models/Platform/PlatformProduct.php:70	unscoped	read	platform_products	-	none:-	007c329c39	self::editionStringFor($this->code)
global	no tenant table: platform_settings — platform settings	admin	app/Models/Platform/PlatformSetting.php:23	unscoped	read	platform_settings	-	none:-	7be33571bc	static::where('key', $key)->value('value')
global	no tenant table: platform_settings — platform settings	admin	app/Models/Platform/PlatformSetting.php:34	unscoped	WRITE	platform_settings	-	none:-	5781b02748	static::updateOrCreate(['key' => $key], ['value' => (string) $value])
global	no tenant table: platform_settings — platform settings	admin	app/Models/Platform/PlatformSetting.php:42	unscoped	read	platform_settings	-	none:-	a13910a53a	static::get($key)
global	no tenant table: platform_settings — platform settings	admin	app/Models/Platform/PlatformSetting.php:54	unscoped	read	platform_settings	-	none:-	bd3cc54b63	static::get('subscription_trial_days')
global	no tenant table: platform_settings — platform settings	admin	app/Models/Platform/PlatformSetting.php:66	unscoped	read	platform_settings	-	none:-	f32d4957a0	static::bool('retailer_enabled', true)
global	no tenant table: platform_settings — platform settings	admin	app/Models/Platform/PlatformSetting.php:71	unscoped	read	platform_settings	-	none:-	cea6ade065	static::bool('manufacturer_enabled', true)
global	no tenant table: platform_settings — platform settings	admin	app/Models/Platform/PlatformSetting.php:76	unscoped	read	platform_settings	-	none:-	9da43e5a1d	static::bool('dhiran_enabled', true)
global	no tenant table: platform_settings — platform settings	admin	app/Models/Platform/PlatformSetting.php:86	unscoped	read	platform_settings	-	none:-	08e71593ca	static::retailerEnabled()
global	no tenant table: platform_settings — platform settings	admin	app/Models/Platform/PlatformSetting.php:87	unscoped	read	platform_settings	-	none:-	2fa04e2dcc	static::manufacturerEnabled()
global	no tenant table: platform_settings — platform settings	admin	app/Models/Platform/PlatformSetting.php:88	unscoped	read	platform_settings	-	none:-	69c6f7be0e	static::dhiranEnabled()
global	no tenant table: platform_settings — platform settings	admin	app/Models/Platform/PlatformSetting.php:97	unscoped	read	platform_settings	-	none:-	aa8e28eb67	static::enabledShopTypes()
global	no tenant table: platform_settings — platform settings	admin	app/Models/Platform/PlatformSetting.php:120	unscoped	read	platform_settings	-	none:-	9438264d14	static::enabledShopTypes()
global	no tenant table: platform_settings — platform settings	admin	app/Models/Platform/PlatformSetting.php:134	unscoped	read	platform_settings	-	none:-	ba234d3ee9	static::erpSelectableShopTypes()
UNREAD		admin	app/Models/Platform/ShopSubscription.php:104	unscoped	read	shop_subscriptions	shop_id	where:via>mixed(unowned,?)	c9f4e08d6a	static::query()->where('shop_id', $shop->id)->with('plan.platformProduct')->latest('id')->get()->first(fn(self $sub) => $sub->plan?->grantsEdition() === $edition)
UNREAD		admin	app/Models/Platform/ShopSubscription.php:162	unscoped	read	shop_subscriptions	shop_id	none:-	e3d2087407	static::hasLivePaidTermToday($subscription)
ok-self	the rule's own shop (explicit by design) (reinspected: conservative trust rules)	tenant	app/Models/ReorderRule.php:45	removed	read	items	shop_id	where:self	ac1d7acc86	\App\Models\Item::withoutTenant()->where('shop_id', $this->shop_id)->where('status', 'in_stock')
ok-self	the return's own shop (explicit by design) (reinspected: conservative trust rules)	tenant	app/Models/ReturnOrder.php:156	removed	read	store_credit_movements	shop_id	key:property	69b21f434f	\App\Models\StoreCreditMovement::withoutTenant()->where('shop_id', $this->shop_id)->where('source_type', \App\Models\StoreCreditMovement::SOURCE_CREDIT_NOTE_ISSUED)->where('source_id', $creditNoteId)->exists()
global	no tenant table: permissions — permission catalog	tenant	app/Models/Role.php:58	unscoped	read	permissions	-	none:-	1bcec99bfd	\App\Models\Permission::where('name', $permission)->firstOrFail()
global	no tenant table: permissions — permission catalog	tenant	app/Models/Role.php:70	unscoped	read	permissions	-	none:-	851a9d735c	\App\Models\Permission::where('name', $permission)->firstOrFail()
global	no tenant table: permissions — permission catalog	tenant	app/Models/Role.php:81	unscoped	read	permissions	-	none:-	be1a792b9a	\App\Models\Permission::whereIn('name', $permissions)->pluck('id')
ok-self	model events of the shop row itself (creating editions, refusing deletion with Dhiran data) (reinspected: conservative trust rules)	tenant	app/Models/Shop.php:447	unscoped	WRITE	shop_editions	shop_id	where:record?	1ef1ce47df	\App\Models\ShopEditionAssignment::firstOrCreate(['shop_id' => $shop->id, 'edition' => $shop->shop_type], ['source' => \App\Models\ShopEditionAssignment::SOURCE_SEED, 'activated_at' => now()])
ok-self	model events of the shop row itself (creating editions, refusing deletion with Dhiran data) (reinspected: conservative trust rules)	tenant	app/Models/Shop.php:470	raw	read	dhiran_loans	shop_id	where:record?	1a6f2201fb	\Illuminate\Support\Facades\DB::table('dhiran_loans')->where('shop_id', $shop->id)->exists()
ok-self	model events of the shop row itself (creating editions, refusing deletion with Dhiran data) (reinspected: conservative trust rules)	tenant	app/Models/Shop.php:471	raw	read	dhiran_payments	shop_id	where:record?	267fd87739	\Illuminate\Support\Facades\DB::table('dhiran_payments')->where('shop_id', $shop->id)->exists()
ok-self	model events of the shop row itself (creating editions, refusing deletion with Dhiran data) (reinspected: conservative trust rules)	tenant	app/Models/Shop.php:472	raw	read	dhiran_ledger_entries	shop_id	where:record?	22991f17e6	\Illuminate\Support\Facades\DB::table('dhiran_ledger_entries')->where('shop_id', $shop->id)->exists()
ok-self	model events of the shop row itself (creating editions, refusing deletion with Dhiran data) (reinspected: conservative trust rules)	tenant	app/Models/Shop.php:473	raw	read	dhiran_cash_entries	shop_id	where:record?	2ae5af1313	\Illuminate\Support\Facades\DB::table('dhiran_cash_entries')->where('shop_id', $shop->id)->exists()
global	no tenant table: platform_products — product catalog	tenant	app/Models/Shop.php:503	unscoped	read	platform_products	-	none:-	9a1cdc6fad	\App\Models\Platform\PlatformProduct::editionStringFor($productCode)
UNREAD		tenant	app/Models/Shop.php:577	unscoped	read	shops	self:id	token:other	b5117f9c9d	static::where('catalog_slug', $slug)->when($excludeId, fn($q) => $q->where('id', '!=', $excludeId))->exists()
ok-invariant	isShopOwner(): reads the user's role and requires it to belong to the user's own shop — the guard itself (reinspected: conservative trust rules)	tenant	app/Models/User.php:216	removed	read	roles	shop_id	key:self	55d4818481	\App\Models\Role::withoutTenant()->whereKey($this->role_id)->first(['name', 'shop_id'])
ok-fk-invariant	the observed invoice's own operator (user_id / finalized_by, written server-side from the authenticated user) (reinspected: conservative trust rules)	tenant	app/Observers/InvoiceNotificationObserver.php:46	unscoped	read	users	shop_id	key:via>?	d931aa7278	\App\Models\User::find($actorId)
ok-self	the observed return's own shop (reinspected: conservative trust rules)	tenant	app/Observers/ReturnOrderObserver.php:125	unscoped	read	users	shop_id	where:via>?	50f4572cbe	\App\Models\User::where('shop_id', $shopId)->whereHas('role.permissions', fn($q) => $q->where('name', 'returns.approve'))->pluck('id')->all()
global	no tenant table: information_schema.columns — system catalog	tenant	app/Providers/AppServiceProvider.php:183	raw	read	information_schema.columns	-	none:-	59432fe9e3	\Illuminate\Support\Facades\DB::table('information_schema.columns')->whereRaw('table_schema = current_schema()')->where('table_name', $table)->where('data_type', 'boolean')->pluck('column_name')->map(fn($name) => (string) $name)->all()
global	no tenant table: platform_settings — platform settings	tenant	app/Providers/AppServiceProvider.php:332	unscoped	read	platform_settings	-	none:-	0cdaa7bca7	\App\Models\Platform\PlatformSetting::get('mail_host')
global	no tenant table: platform_settings — platform settings	tenant	app/Providers/AppServiceProvider.php:339	unscoped	read	platform_settings	-	none:-	027a18db3a	\App\Models\Platform\PlatformSetting::get('mail_mailer', 'smtp')
global	no tenant table: platform_settings — platform settings	tenant	app/Providers/AppServiceProvider.php:340	unscoped	read	platform_settings	-	none:-	2f902c52f5	\App\Models\Platform\PlatformSetting::get('mail_port', 587)
global	no tenant table: platform_settings — platform settings	tenant	app/Providers/AppServiceProvider.php:341	unscoped	read	platform_settings	-	none:-	3a591bea5c	\App\Models\Platform\PlatformSetting::get('mail_username')
global	no tenant table: platform_settings — platform settings	tenant	app/Providers/AppServiceProvider.php:342	unscoped	read	platform_settings	-	none:-	c3c5a26ca0	\App\Models\Platform\PlatformSetting::get('mail_password')
global	no tenant table: platform_settings — platform settings	tenant	app/Providers/AppServiceProvider.php:343	unscoped	read	platform_settings	-	none:-	05b2e72f02	\App\Models\Platform\PlatformSetting::get('mail_encryption', 'tls')
global	no tenant table: platform_settings — platform settings	tenant	app/Providers/AppServiceProvider.php:344	unscoped	read	platform_settings	-	none:-	9e2ef8f5c1	\App\Models\Platform\PlatformSetting::get('mail_from_address', config('mail.from.address'))
global	no tenant table: platform_settings — platform settings	tenant	app/Providers/AppServiceProvider.php:345	unscoped	read	platform_settings	-	none:-	06e81fe6a9	\App\Models\Platform\PlatformSetting::get('mail_from_name', config('mail.from.name'))
ok-context	shopId traced: ReportRequest built from the authenticated user's shop (ReportScreen/SalesRegister/Export controllers), the queued-export payload (set at dispatch from that shop; a mismatched payload writes nothing — QueuedExportIsolationTest), or ValidateReportTotals looping over shops (console); TaxService::liability has no caller	tenant	app/Reporting/AuditService.php:23	removed	read	invoices	shop_id	where:via>mixed(loop,property,context)	2123dcc365	\App\Models\Invoice::withoutTenant()->where('invoices.shop_id', $shopId)->salesIn($period)->groupBy('invoices.user_id')->selectRaw('invoices.user_id as uid, COUNT(*) as cnt, COALESCE(SUM(total), 0) as sales, COALESCE(SUM(discount), 0) as disc')->get()->keyBy('uid')
ok-context	shopId traced: ReportRequest built from the authenticated user's shop (ReportScreen/SalesRegister/Export controllers), the queued-export payload (set at dispatch from that shop; a mismatched payload writes nothing — QueuedExportIsolationTest), or ValidateReportTotals looping over shops (console); TaxService::liability has no caller	tenant	app/Reporting/AuditService.php:32	raw	read	credit_notes	shop_id	where:via>mixed(loop,property,context)	f69ffa4cb7	\Illuminate\Support\Facades\DB::table('credit_notes')->where('shop_id', $shopId)->whereBetween('issued_at', [$period->start(), $period->end()])->groupBy('issued_by_user_id')->selectRaw('issued_by_user_id as uid, COUNT(*) as cnt, COALESCE(SUM(total), 0) as val')->get()->keyBy('uid')
earlier	read in the 11e91c3 round (handoff §7e); file unchanged since	tenant	app/Reporting/AuditService.php:42	raw	read	users	shop_id	key:other	1d715804d4	\Illuminate\Support\Facades\DB::table('users')->whereIn('id', $uids->filter()->all())->pluck('name', 'id')
ok-join-shop	the join requires the referenced row's shop_id to equal the base row's — an inconsistent stored reference joins nothing, a consistent one joins as before (ReportReferenceIntegrityTest)	tenant	app/Reporting/AuditService.php:94	embedded	read	customers	shop_id	frag:shop_id	cfce54f506	\Illuminate\Support\Facades\DB::table('compliance_alerts as a')->where('a.shop_id', $shopId)->whereBetween('a.created_at', [$period->start(), $period->end()])->leftJoin('invoices as i', fn($j) => $j->on('i.id', '=', 'a.invoice_id')->on('i.shop_id', '=', 'a.shop_id'))->leftJoin('customers as c', fn($j) => $j->on('c.id', '=', 'a.customer_id')->on('c.shop_id', '=', 'a.shop_id'))->select('a.alert_type', 'a.alert_data', 'a.resolved', 'a.created_at', 'i.invoice_number', \Illuminate\Support\Facades\DB::raw("COALESCE(NULLIF(TRIM(COALESCE(c.first_name, '') || ' ' || COALESCE(c.last_name, '')), ''), 'Walk-in') as customer_name"))->orderByDesc('a.created_at')->get()
ok-join-shop	the join requires the referenced row's shop_id to equal the base row's — an inconsistent stored reference joins nothing, a consistent one joins as before (ReportReferenceIntegrityTest)	tenant	app/Reporting/AuditService.php:94	embedded	read	invoices	shop_id	frag:shop_id	adf70caee9	\Illuminate\Support\Facades\DB::table('compliance_alerts as a')->where('a.shop_id', $shopId)->whereBetween('a.created_at', [$period->start(), $period->end()])->leftJoin('invoices as i', fn($j) => $j->on('i.id', '=', 'a.invoice_id')->on('i.shop_id', '=', 'a.shop_id'))->leftJoin('customers as c', fn($j) => $j->on('c.id', '=', 'a.customer_id')->on('c.shop_id', '=', 'a.shop_id'))->select('a.alert_type', 'a.alert_data', 'a.resolved', 'a.created_at', 'i.invoice_number', \Illuminate\Support\Facades\DB::raw("COALESCE(NULLIF(TRIM(COALESCE(c.first_name, '') || ' ' || COALESCE(c.last_name, '')), ''), 'Walk-in') as customer_name"))->orderByDesc('a.created_at')->get()
ok-context	shopId traced: ReportRequest built from the authenticated user's shop, the queued-export payload (set at dispatch from that shop; a mismatched payload writes nothing — QueuedExportIsolationTest), or a console loop over shops	tenant	app/Reporting/AuditService.php:94	raw	read	compliance_alerts	shop_id	where:via>mixed(loop,property,context)	9c94f628ad	\Illuminate\Support\Facades\DB::table('compliance_alerts as a')->where('a.shop_id', $shopId)->whereBetween('a.created_at', [$period->start(), $period->end()])->leftJoin('invoices as i', fn($j) => $j->on('i.id', '=', 'a.invoice_id')->on('i.shop_id', '=', 'a.shop_id'))->leftJoin('customers as c', fn($j) => $j->on('c.id', '=', 'a.customer_id')->on('c.shop_id', '=', 'a.shop_id'))->select('a.alert_type', 'a.alert_data', 'a.resolved', 'a.created_at', 'i.invoice_number', \Illuminate\Support\Facades\DB::raw("COALESCE(NULLIF(TRIM(COALESCE(c.first_name, '') || ' ' || COALESCE(c.last_name, '')), ''), 'Walk-in') as customer_name"))->orderByDesc('a.created_at')->get()
ok-context	shopId traced: ReportRequest built from the authenticated user's shop (ReportScreen/SalesRegister/Export controllers), the queued-export payload (set at dispatch from that shop; a mismatched payload writes nothing — QueuedExportIsolationTest), or ValidateReportTotals looping over shops (console); TaxService::liability has no caller	tenant	app/Reporting/GstReportingService.php:34	removed	read	invoices	shop_id	where:via>mixed(loop,property,context,?)	a38ace4ffc	\App\Models\Invoice::withoutTenant()->where('shop_id', $shopId)->salesIn($period)->select('gst_rate', \Illuminate\Support\Facades\DB::raw('SUM(subtotal) as taxable'), \Illuminate\Support\Facades\DB::raw('SUM(discount) as discount'), \Illuminate\Support\Facades\DB::raw('SUM(gst) as gst'), \Illuminate\Support\Facades\DB::raw('SUM(COALESCE(cgst_amount, ROUND(gst / 2.0, 2))) as cgst'), \Illuminate\Support\Facades\DB::raw('SUM(COALESCE(sgst_amount, gst - ROUND(gst / 2.0, 2))) as sgst'), \Illuminate\Support\Facades\DB::raw('SUM(COALESCE(igst_amount, 0)) as igst'), \Illuminate\Support\Facades\DB::raw('SUM(total) as total'), \Illuminate\Support\Facades\DB::raw('COUNT(*) as count'))->groupBy('gst_rate')->orderBy('gst_rate')->get()
ok-join-shop	the join requires the referenced row's shop_id to equal the base row's — an inconsistent stored reference joins nothing, a consistent one joins as before (ReportReferenceIntegrityTest)	tenant	app/Reporting/GstReportingService.php:64	embedded	read	customers	shop_id	frag:shop_id	741a7d0b50	\App\Models\CreditNote::withoutTenant()->where('credit_notes.shop_id', $shopId)->whereBetween('credit_notes.issued_at', [$start, $end])->leftJoin('invoices', fn($j) => $j->on('invoices.id', '=', 'credit_notes.invoice_id')->on('invoices.shop_id', '=', 'credit_notes.shop_id'))->leftJoin('customers', fn($j) => $j->on('customers.id', '=', 'credit_notes.customer_id')->on('customers.shop_id', '=', 'credit_notes.shop_id'))->select('credit_notes.credit_note_number', 'credit_notes.issued_at', 'credit_notes.gst_rate', 'credit_notes.subtotal as cn_subtotal', 'credit_notes.gst as cn_gst', 'credit_notes.total as cn_total', \Illuminate\Support\Facades\DB::raw('COALESCE(credit_notes.cgst_amount, ROUND(credit_notes.gst / 2.0, 2)) as cn_cgst'), \Illuminate\Support\Facades\DB::raw('COALESCE(credit_notes.sgst_amount, credit_notes.gst - ROUND(credit_notes.gst / 2.0, 2)) as cn_sgst'), \Illuminate\Support\Facades\DB::raw('COALESCE(credit_notes.igst_amount, 0) as cn_igst'), 'invoices.invoice_number as original_invoice_number', 'invoices.created_at as original_invoice_date', \Illuminate\Support\Facades\DB::raw("COALESCE(NULLIF(TRIM(COALESCE(customers.first_name, '') || ' ' || COALESCE(customers.last_name, '')), ''), 'Walk-in') as customer_name"))->orderBy('credit_notes.issued_at')->get()
ok-join-shop	the join requires the referenced row's shop_id to equal the base row's — an inconsistent stored reference joins nothing, a consistent one joins as before (ReportReferenceIntegrityTest)	tenant	app/Reporting/GstReportingService.php:64	embedded	read	invoices	shop_id	frag:shop_id	37692aa6a6	\App\Models\CreditNote::withoutTenant()->where('credit_notes.shop_id', $shopId)->whereBetween('credit_notes.issued_at', [$start, $end])->leftJoin('invoices', fn($j) => $j->on('invoices.id', '=', 'credit_notes.invoice_id')->on('invoices.shop_id', '=', 'credit_notes.shop_id'))->leftJoin('customers', fn($j) => $j->on('customers.id', '=', 'credit_notes.customer_id')->on('customers.shop_id', '=', 'credit_notes.shop_id'))->select('credit_notes.credit_note_number', 'credit_notes.issued_at', 'credit_notes.gst_rate', 'credit_notes.subtotal as cn_subtotal', 'credit_notes.gst as cn_gst', 'credit_notes.total as cn_total', \Illuminate\Support\Facades\DB::raw('COALESCE(credit_notes.cgst_amount, ROUND(credit_notes.gst / 2.0, 2)) as cn_cgst'), \Illuminate\Support\Facades\DB::raw('COALESCE(credit_notes.sgst_amount, credit_notes.gst - ROUND(credit_notes.gst / 2.0, 2)) as cn_sgst'), \Illuminate\Support\Facades\DB::raw('COALESCE(credit_notes.igst_amount, 0) as cn_igst'), 'invoices.invoice_number as original_invoice_number', 'invoices.created_at as original_invoice_date', \Illuminate\Support\Facades\DB::raw("COALESCE(NULLIF(TRIM(COALESCE(customers.first_name, '') || ' ' || COALESCE(customers.last_name, '')), ''), 'Walk-in') as customer_name"))->orderBy('credit_notes.issued_at')->get()
ok-context	shopId traced: ReportRequest built from the authenticated user's shop, the queued-export payload (set at dispatch from that shop; a mismatched payload writes nothing — QueuedExportIsolationTest), or a console loop over shops	tenant	app/Reporting/GstReportingService.php:64	removed	read	credit_notes	shop_id	where:via>mixed(loop,property,context,?)	02b4006d00	\App\Models\CreditNote::withoutTenant()->where('credit_notes.shop_id', $shopId)->whereBetween('credit_notes.issued_at', [$start, $end])->leftJoin('invoices', fn($j) => $j->on('invoices.id', '=', 'credit_notes.invoice_id')->on('invoices.shop_id', '=', 'credit_notes.shop_id'))->leftJoin('customers', fn($j) => $j->on('customers.id', '=', 'credit_notes.customer_id')->on('customers.shop_id', '=', 'credit_notes.shop_id'))->select('credit_notes.credit_note_number', 'credit_notes.issued_at', 'credit_notes.gst_rate', 'credit_notes.subtotal as cn_subtotal', 'credit_notes.gst as cn_gst', 'credit_notes.total as cn_total', \Illuminate\Support\Facades\DB::raw('COALESCE(credit_notes.cgst_amount, ROUND(credit_notes.gst / 2.0, 2)) as cn_cgst'), \Illuminate\Support\Facades\DB::raw('COALESCE(credit_notes.sgst_amount, credit_notes.gst - ROUND(credit_notes.gst / 2.0, 2)) as cn_sgst'), \Illuminate\Support\Facades\DB::raw('COALESCE(credit_notes.igst_amount, 0) as cn_igst'), 'invoices.invoice_number as original_invoice_number', 'invoices.created_at as original_invoice_date', \Illuminate\Support\Facades\DB::raw("COALESCE(NULLIF(TRIM(COALESCE(customers.first_name, '') || ' ' || COALESCE(customers.last_name, '')), ''), 'Walk-in') as customer_name"))->orderBy('credit_notes.issued_at')->get()
ok-context	shopId traced: ReportRequest built from the authenticated user's shop (ReportScreen/SalesRegister/Export controllers), the queued-export payload (set at dispatch from that shop; a mismatched payload writes nothing — QueuedExportIsolationTest), or ValidateReportTotals looping over shops (console); TaxService::liability has no caller	tenant	app/Reporting/InventoryService.php:25	removed	read	items	shop_id	where:via>mixed(loop,property,context)	adbcfbae36	\App\Models\Item::withoutTenant()->where('shop_id', $shopId)->where('status', 'in_stock')
ok-context	shopId traced: ReportRequest built from the authenticated user's shop (ReportScreen/SalesRegister/Export controllers), the queued-export payload (set at dispatch from that shop; a mismatched payload writes nothing — QueuedExportIsolationTest), or ValidateReportTotals looping over shops (console); TaxService::liability has no caller	tenant	app/Reporting/InventoryService.php:85	removed	read	items	shop_id	where:via>mixed(loop,property,context)	a39ee36ba0	\App\Models\Item::withoutTenant()->where('shop_id', $shopId)->where('status', 'in_stock')
ok-join-shop	the join requires the referenced row's shop_id to equal the base row's — an inconsistent stored reference joins nothing, a consistent one joins as before (ReportReferenceIntegrityTest)	tenant	app/Reporting/InventoryService.php:143	embedded	read	stock_purchases	shop_id	frag:shop_id	58ad644c86	\Illuminate\Support\Facades\DB::table('stock_purchase_items as li')->join('stock_purchases as p', fn($j) => $j->on('p.id', '=', 'li.stock_purchase_id')->on('p.shop_id', '=', 'li.shop_id'))->where('li.shop_id', $shopId)->whereIn('p.status', ['confirmed', 'stocked'])->whereBetween('p.purchase_date', [$period->start()->toDateString(), $period->end()->toDateString()])->whereNotNull('li.purchase_rate_per_gram')->where('li.gross_weight', '>', 0)->select('li.metal_type', 'li.purity', 'li.gross_weight', 'li.purchase_rate_per_gram', 'p.purchase_date')->get()
ok-context	shopId traced: ReportRequest built from the authenticated user's shop, the queued-export payload (set at dispatch from that shop; a mismatched payload writes nothing — QueuedExportIsolationTest), or a console loop over shops	tenant	app/Reporting/InventoryService.php:143	raw	read	stock_purchase_items	shop_id	where:via>mixed(loop,property,context)	b92f23c026	\Illuminate\Support\Facades\DB::table('stock_purchase_items as li')->join('stock_purchases as p', fn($j) => $j->on('p.id', '=', 'li.stock_purchase_id')->on('p.shop_id', '=', 'li.shop_id'))->where('li.shop_id', $shopId)->whereIn('p.status', ['confirmed', 'stocked'])->whereBetween('p.purchase_date', [$period->start()->toDateString(), $period->end()->toDateString()])->whereNotNull('li.purchase_rate_per_gram')->where('li.gross_weight', '>', 0)->select('li.metal_type', 'li.purity', 'li.gross_weight', 'li.purchase_rate_per_gram', 'p.purchase_date')->get()
ok-context	shopId traced: ReportRequest built from the authenticated user's shop (ReportScreen/SalesRegister/Export controllers), the queued-export payload (set at dispatch from that shop; a mismatched payload writes nothing — QueuedExportIsolationTest), or ValidateReportTotals looping over shops (console); TaxService::liability has no caller	tenant	app/Reporting/InventoryService.php:154	raw	read	shop_daily_metal_rates	shop_id	where:via>mixed(loop,property,context)	7b08032623	\Illuminate\Support\Facades\DB::table('shop_daily_metal_rates')->where('shop_id', $shopId)->get()->keyBy(fn($r) => \Carbon\Carbon::parse($r->business_date)->toDateString())
ok-context	shopId traced: ReportRequest built from the authenticated user's shop (ReportScreen/SalesRegister/Export controllers), the queued-export payload (set at dispatch from that shop; a mismatched payload writes nothing — QueuedExportIsolationTest), or ValidateReportTotals looping over shops (console); TaxService::liability has no caller	tenant	app/Reporting/KarigarService.php:21	raw	read	job_orders	shop_id	where:via>mixed(loop,property,context)	b6f2e1c31c	\Illuminate\Support\Facades\DB::table('job_orders as jo')->where('jo.shop_id', $shopId)->whereIn('jo.status', ['issued', 'partial_return'])->groupBy('jo.karigar_id')->select('jo.karigar_id', \Illuminate\Support\Facades\DB::raw('COUNT(*) as open_jobs'), \Illuminate\Support\Facades\DB::raw('COALESCE(SUM(jo.issued_fine_weight), 0) as issued_fine'), \Illuminate\Support\Facades\DB::raw('COALESCE(SUM(jo.returned_fine_weight), 0) as received_fine'), \Illuminate\Support\Facades\DB::raw('COALESCE(SUM(jo.actual_wastage_fine), 0) as wastage_fine'), \Illuminate\Support\Facades\DB::raw('COALESCE(SUM(jo.issued_fine_weight - COALESCE(jo.returned_fine_weight,0) - COALESCE(jo.leftover_returned_fine_weight,0) - COALESCE(jo.actual_wastage_fine,0)), 0) as outstanding_fine'))->get()->keyBy('karigar_id')
ok-context	shopId traced: ReportRequest built from the authenticated user's shop (ReportScreen/SalesRegister/Export controllers), the queued-export payload (set at dispatch from that shop; a mismatched payload writes nothing — QueuedExportIsolationTest), or ValidateReportTotals looping over shops (console); TaxService::liability has no caller	tenant	app/Reporting/KarigarService.php:37	raw	read	karigar_invoices	shop_id	where:via>mixed(loop,property,context)	5c9fa65f05	\Illuminate\Support\Facades\DB::table('karigar_invoices')->where('shop_id', $shopId)->groupBy('karigar_id')->select('karigar_id', \Illuminate\Support\Facades\DB::raw('COALESCE(SUM(total_after_tax), 0) as invoiced'), \Illuminate\Support\Facades\DB::raw('COALESCE(SUM(amount_paid), 0) as paid'))->get()->keyBy('karigar_id')
ok-context	shopId traced: ReportRequest built from the authenticated user's shop (ReportScreen/SalesRegister/Export controllers), the queued-export payload (set at dispatch from that shop; a mismatched payload writes nothing — QueuedExportIsolationTest), or ValidateReportTotals looping over shops (console); TaxService::liability has no caller	tenant	app/Reporting/KarigarService.php:50	raw	read	karigars	shop_id	key:other	bdfe374788	\Illuminate\Support\Facades\DB::table('karigars')->where('shop_id', $shopId)->whereIn('id', $karigarIds->all())->pluck('name', 'id')
ok-context	shopId traced: ReportRequest built from the authenticated user's shop (ReportScreen/SalesRegister/Export controllers), the queued-export payload (set at dispatch from that shop; a mismatched payload writes nothing — QueuedExportIsolationTest), or ValidateReportTotals looping over shops (console); TaxService::liability has no caller	tenant	app/Reporting/KarigarService.php:106	raw	read	job_orders	shop_id	where:via>mixed(loop,property,context)	b4ad04869b	\Illuminate\Support\Facades\DB::table('job_orders as jo')->where('jo.shop_id', $shopId)->where('jo.status', 'completed')->whereBetween('jo.completed_at', [$period->start(), $period->end()])
ok-context	shopId traced: ReportRequest built from the authenticated user's shop (ReportScreen/SalesRegister/Export controllers), the queued-export payload (set at dispatch from that shop; a mismatched payload writes nothing — QueuedExportIsolationTest), or ValidateReportTotals looping over shops (console); TaxService::liability has no caller	tenant	app/Reporting/KarigarService.php:135	raw	read	karigars	shop_id	key:other	0561ec43fb	\Illuminate\Support\Facades\DB::table('karigars')->where('shop_id', $shopId)->whereIn('id', $perKarigar->pluck('karigar_id')->filter()->all())->pluck('name', 'id')
ok-join-shop	the join requires the referenced row's shop_id to equal the base row's — an inconsistent stored reference joins nothing, a consistent one joins as before (ReportReferenceIntegrityTest)	tenant	app/Reporting/LedgerService.php:31	embedded	read	customers	shop_id	frag:shop_id	d22b106b7c	\App\Models\Invoice::withoutTenant()->where('invoices.shop_id', $shopId)->salesIn($period)->leftJoin('customers', fn($j) => $j->on('customers.id', '=', 'invoices.customer_id')->on('customers.shop_id', '=', 'invoices.shop_id'))->select(\Illuminate\Support\Facades\DB::raw('COALESCE(invoices.finalized_at, invoices.created_at) as occurred_at'), 'invoices.invoice_number as reference', 'invoices.total as amount', \Illuminate\Support\Facades\DB::raw("COALESCE(NULLIF(TRIM(COALESCE(customers.first_name, '') || ' ' || COALESCE(customers.last_name, '')), ''), 'Walk-in') as party"))->get()
ok-context	shopId traced: ReportRequest built from the authenticated user's shop, the queued-export payload (set at dispatch from that shop; a mismatched payload writes nothing — QueuedExportIsolationTest), or a console loop over shops	tenant	app/Reporting/LedgerService.php:31	removed	read	invoices	shop_id	where:via>mixed(property,context)	43f9473525	\App\Models\Invoice::withoutTenant()->where('invoices.shop_id', $shopId)->salesIn($period)->leftJoin('customers', fn($j) => $j->on('customers.id', '=', 'invoices.customer_id')->on('customers.shop_id', '=', 'invoices.shop_id'))->select(\Illuminate\Support\Facades\DB::raw('COALESCE(invoices.finalized_at, invoices.created_at) as occurred_at'), 'invoices.invoice_number as reference', 'invoices.total as amount', \Illuminate\Support\Facades\DB::raw("COALESCE(NULLIF(TRIM(COALESCE(customers.first_name, '') || ' ' || COALESCE(customers.last_name, '')), ''), 'Walk-in') as party"))->get()
ok-join-shop	the join requires the referenced row's shop_id to equal the base row's — an inconsistent stored reference joins nothing, a consistent one joins as before (ReportReferenceIntegrityTest)	tenant	app/Reporting/LedgerService.php:49	embedded	read	customers	shop_id	frag:shop_id	0a63dcc81f	\App\Models\CreditNote::withoutTenant()->where('credit_notes.shop_id', $shopId)->whereBetween('credit_notes.issued_at', [$start, $end])->leftJoin('customers', fn($j) => $j->on('customers.id', '=', 'credit_notes.customer_id')->on('customers.shop_id', '=', 'credit_notes.shop_id'))->select('credit_notes.issued_at as occurred_at', 'credit_notes.credit_note_number as reference', 'credit_notes.total as amount', \Illuminate\Support\Facades\DB::raw("COALESCE(NULLIF(TRIM(COALESCE(customers.first_name, '') || ' ' || COALESCE(customers.last_name, '')), ''), 'Walk-in') as party"))->get()
ok-context	shopId traced: ReportRequest built from the authenticated user's shop, the queued-export payload (set at dispatch from that shop; a mismatched payload writes nothing — QueuedExportIsolationTest), or a console loop over shops	tenant	app/Reporting/LedgerService.php:49	removed	read	credit_notes	shop_id	where:via>mixed(property,context)	d874d7b8d7	\App\Models\CreditNote::withoutTenant()->where('credit_notes.shop_id', $shopId)->whereBetween('credit_notes.issued_at', [$start, $end])->leftJoin('customers', fn($j) => $j->on('customers.id', '=', 'credit_notes.customer_id')->on('customers.shop_id', '=', 'credit_notes.shop_id'))->select('credit_notes.issued_at as occurred_at', 'credit_notes.credit_note_number as reference', 'credit_notes.total as amount', \Illuminate\Support\Facades\DB::raw("COALESCE(NULLIF(TRIM(COALESCE(customers.first_name, '') || ' ' || COALESCE(customers.last_name, '')), ''), 'Walk-in') as party"))->get()
ok-context	shopId traced: ReportRequest built from the authenticated user's shop (ReportScreen/SalesRegister/Export controllers), the queued-export payload (set at dispatch from that shop; a mismatched payload writes nothing — QueuedExportIsolationTest), or ValidateReportTotals looping over shops (console); TaxService::liability has no caller	tenant	app/Reporting/LedgerService.php:67	removed	read	invoices	shop_id	where:via>mixed(property,context)	478d6db4f3	\App\Models\Invoice::withoutTenant()->where('shop_id', $shopId)->where('status', \App\Models\Invoice::STATUS_CANCELLED)->whereNotNull('cancelled_at')->whereBetween('cancelled_at', [$start, $end])->select('cancelled_at as occurred_at', 'invoice_number as reference', 'total as amount')->get()
ok-context	shopId traced: ReportRequest built from the authenticated user's shop (ReportScreen/SalesRegister/Export controllers), the queued-export payload (set at dispatch from that shop; a mismatched payload writes nothing — QueuedExportIsolationTest), or ValidateReportTotals looping over shops (console); TaxService::liability has no caller	tenant	app/Reporting/LedgerService.php:81	raw	read	cash_transactions	shop_id	where:via>mixed(property,context)	92673912cd	\Illuminate\Support\Facades\DB::table('cash_transactions')->where('shop_id', $shopId)->whereBetween('created_at', [$start, $end])->whereRaw('is_opening IS NOT TRUE')->select('created_at as occurred_at', 'type', 'amount', 'payment_mode', 'source_type', 'description', 'invoice_id')->get()
ok-context	shopId traced: ReportRequest built from the authenticated user's shop (ReportScreen/SalesRegister/Export controllers), the queued-export payload (set at dispatch from that shop; a mismatched payload writes nothing — QueuedExportIsolationTest), or ValidateReportTotals looping over shops (console); TaxService::liability has no caller	tenant	app/Reporting/LedgerService.php:165	raw	read	cash_transactions	shop_id	where:via>mixed(loop,property,context)	065b7875c4	\Illuminate\Support\Facades\DB::table('cash_transactions')->where('shop_id', $shopId)->where(fn($q) => $q->where('created_at', '<', $start)->orWhereRaw('is_opening IS TRUE'))->selectRaw("COALESCE(SUM(CASE WHEN type = 'in' THEN amount ELSE -amount END), 0) as net")->value('net')
ok-join-shop	the join requires the referenced row's shop_id to equal the base row's — an inconsistent stored reference joins nothing, a consistent one joins as before (ReportReferenceIntegrityTest)	tenant	app/Reporting/LedgerService.php:171	embedded	read	users	shop_id	frag:shop_id	cc996241b9	\Illuminate\Support\Facades\DB::table('cash_transactions as c')->leftJoin('users as u', fn($j) => $j->on('u.id', '=', 'c.user_id')->on('u.shop_id', '=', 'c.shop_id'))->where('c.shop_id', $shopId)->whereBetween('c.created_at', [$start, $end])->whereRaw('c.is_opening IS NOT TRUE')->orderBy('c.created_at')->orderBy('c.id')->select('c.created_at as occurred_at', 'c.type', 'c.amount', 'c.payment_mode', 'c.source_type', 'c.description', \Illuminate\Support\Facades\DB::raw("COALESCE(u.name, 'System') as operator"))->get()
ok-context	shopId traced: ReportRequest built from the authenticated user's shop, the queued-export payload (set at dispatch from that shop; a mismatched payload writes nothing — QueuedExportIsolationTest), or a console loop over shops	tenant	app/Reporting/LedgerService.php:171	raw	read	cash_transactions	shop_id	where:via>mixed(loop,property,context)	d8d63b03bb	\Illuminate\Support\Facades\DB::table('cash_transactions as c')->leftJoin('users as u', fn($j) => $j->on('u.id', '=', 'c.user_id')->on('u.shop_id', '=', 'c.shop_id'))->where('c.shop_id', $shopId)->whereBetween('c.created_at', [$start, $end])->whereRaw('c.is_opening IS NOT TRUE')->orderBy('c.created_at')->orderBy('c.id')->select('c.created_at as occurred_at', 'c.type', 'c.amount', 'c.payment_mode', 'c.source_type', 'c.description', \Illuminate\Support\Facades\DB::raw("COALESCE(u.name, 'System') as operator"))->get()
trusted	constraint from via>context	tenant	app/Reporting/LedgerService.php:239	raw	read	cash_transactions	shop_id	where:via>context	1de1a6928d	\Illuminate\Support\Facades\DB::table('cash_transactions')->where('shop_id', $shopId)->where(fn($q) => $q->where('created_at', '<', $start)->orWhereRaw('is_opening IS TRUE'))->selectRaw("{$modeExpr} as mode, COALESCE(SUM(CASE WHEN type = 'in' THEN amount ELSE -amount END), 0) as net")->groupBy(\Illuminate\Support\Facades\DB::raw($modeExpr))->pluck('net', 'mode')
trusted	constraint from via>context	tenant	app/Reporting/LedgerService.php:247	raw	read	cash_transactions	shop_id	where:via>context	c17031d926	\Illuminate\Support\Facades\DB::table('cash_transactions')->where('shop_id', $shopId)->whereBetween('created_at', [$start, $end])->whereRaw('is_opening IS NOT TRUE')->selectRaw("{$modeExpr} as mode")->selectRaw("COALESCE(SUM(CASE WHEN type = 'in' THEN amount ELSE 0 END), 0) as money_in")->selectRaw("COALESCE(SUM(CASE WHEN type = 'out' THEN amount ELSE 0 END), 0) as money_out")->groupBy(\Illuminate\Support\Facades\DB::raw($modeExpr))->get()->keyBy('mode')
ok-context	shopId traced: ReportRequest built from the authenticated user's shop (ReportScreen/SalesRegister/Export controllers), the queued-export payload (set at dispatch from that shop; a mismatched payload writes nothing — QueuedExportIsolationTest), or ValidateReportTotals looping over shops (console); TaxService::liability has no caller	tenant	app/Reporting/ProfitReportingService.php:38	removed	read	invoices	shop_id	where:via>mixed(loop,property,context)	e62732c6c3	\App\Models\Invoice::withoutTenant()->where('shop_id', $shopId)->salesIn($period)->selectRaw(' COALESCE(SUM(subtotal), 0) as gross_taxable, COALESCE(SUM(discount), 0) as discount, COALESCE(SUM(wastage_charge), 0) as wastage ')->first()
ok-context	shopId traced: ReportRequest built from the authenticated user's shop (ReportScreen/SalesRegister/Export controllers), the queued-export payload (set at dispatch from that shop; a mismatched payload writes nothing — QueuedExportIsolationTest), or ValidateReportTotals looping over shops (console); TaxService::liability has no caller	tenant	app/Reporting/ProfitReportingService.php:53	removed	read	credit_notes	shop_id	where:via>mixed(loop,property,context)	3272c3c486	\App\Models\CreditNote::withoutTenant()->where('shop_id', $shopId)->whereBetween('issued_at', [$start, $end])->sum('subtotal')
ok-context	shopId traced: ReportRequest built from the authenticated user's shop, the queued-export payload (set at dispatch from that shop; a mismatched payload writes nothing — QueuedExportIsolationTest), or a console loop over shops	tenant	app/Reporting/ProfitReportingService.php:62	embedded	read	invoices	shop_id	where:via>mixed(loop,property,context)	543746392f	\Illuminate\Support\Facades\DB::table('invoice_items')->join('invoices', 'invoices.id', '=', 'invoice_items.invoice_id')->leftJoin('items', fn($j) => $j->on('items.id', '=', 'invoice_items.item_id')->on('items.shop_id', '=', 'invoices.shop_id'))->where('invoices.shop_id', $shopId)->where('invoices.status', \App\Models\Invoice::STATUS_FINALIZED)->whereRaw('COALESCE(invoices.finalized_at, invoices.created_at) BETWEEN ? AND ?', [$start, $end])->selectRaw(' COALESCE(SUM(items.cost_price), 0) as cogs, COALESCE(SUM(invoice_items.making_charges), 0) as making, COALESCE(SUM(invoice_items.stone_amount), 0) as stones, COUNT(invoice_items.id) as line_count, COALESCE(SUM(CASE WHEN items.cost_price IS NULL THEN 1 ELSE 0 END), 0) as cost_unknown ')->first()
ok-join-shop	the join requires the referenced row's shop_id to equal the base row's — an inconsistent stored reference joins nothing, a consistent one joins as before (ReportReferenceIntegrityTest)	tenant	app/Reporting/ProfitReportingService.php:62	embedded	read	items	shop_id	frag:shop_id	6520315d15	\Illuminate\Support\Facades\DB::table('invoice_items')->join('invoices', 'invoices.id', '=', 'invoice_items.invoice_id')->leftJoin('items', fn($j) => $j->on('items.id', '=', 'invoice_items.item_id')->on('items.shop_id', '=', 'invoices.shop_id'))->where('invoices.shop_id', $shopId)->where('invoices.status', \App\Models\Invoice::STATUS_FINALIZED)->whereRaw('COALESCE(invoices.finalized_at, invoices.created_at) BETWEEN ? AND ?', [$start, $end])->selectRaw(' COALESCE(SUM(items.cost_price), 0) as cogs, COALESCE(SUM(invoice_items.making_charges), 0) as making, COALESCE(SUM(invoice_items.stone_amount), 0) as stones, COUNT(invoice_items.id) as line_count, COALESCE(SUM(CASE WHEN items.cost_price IS NULL THEN 1 ELSE 0 END), 0) as cost_unknown ')->first()
ok-context	shopId traced: ReportRequest built from the authenticated user's shop, the queued-export payload (set at dispatch from that shop; a mismatched payload writes nothing — QueuedExportIsolationTest), or a console loop over shops	tenant	app/Reporting/ProfitReportingService.php:62	raw	read	invoice_items	via:invoices	where:via>mixed(loop,property,context)	f8c9c99fa6	\Illuminate\Support\Facades\DB::table('invoice_items')->join('invoices', 'invoices.id', '=', 'invoice_items.invoice_id')->leftJoin('items', fn($j) => $j->on('items.id', '=', 'invoice_items.item_id')->on('items.shop_id', '=', 'invoices.shop_id'))->where('invoices.shop_id', $shopId)->where('invoices.status', \App\Models\Invoice::STATUS_FINALIZED)->whereRaw('COALESCE(invoices.finalized_at, invoices.created_at) BETWEEN ? AND ?', [$start, $end])->selectRaw(' COALESCE(SUM(items.cost_price), 0) as cogs, COALESCE(SUM(invoice_items.making_charges), 0) as making, COALESCE(SUM(invoice_items.stone_amount), 0) as stones, COUNT(invoice_items.id) as line_count, COALESCE(SUM(CASE WHEN items.cost_price IS NULL THEN 1 ELSE 0 END), 0) as cost_unknown ')->first()
ok-join-shop	the join requires the referenced row's shop_id to equal the base row's — an inconsistent stored reference joins nothing, a consistent one joins as before (ReportReferenceIntegrityTest)	tenant	app/Reporting/ReceivablesService.php:30	embedded	read	customers	shop_id	frag:shop_id	832b952f33	\App\Models\Invoice::withoutTenant()->where('invoices.shop_id', $shopId)->finalizedSale()->leftJoin('customers', fn($j) => $j->on('customers.id', '=', 'invoices.customer_id')->on('customers.shop_id', '=', 'invoices.shop_id'))->select('invoices.id', 'invoices.customer_id', \Illuminate\Support\Facades\DB::raw('COALESCE(invoices.finalized_at, invoices.created_at) as doc_date'), 'invoices.total', \Illuminate\Support\Facades\DB::raw("COALESCE(NULLIF(TRIM(COALESCE(customers.first_name, '') || ' ' || COALESCE(customers.last_name, '')), ''), 'Walk-in') as customer_name"), 'customers.mobile as customer_mobile')->get()
ok-context	shopId traced: ReportRequest built from the authenticated user's shop, the queued-export payload (set at dispatch from that shop; a mismatched payload writes nothing — QueuedExportIsolationTest), or a console loop over shops	tenant	app/Reporting/ReceivablesService.php:30	removed	read	invoices	shop_id	where:via>mixed(loop,property,context)	5136a0fdca	\App\Models\Invoice::withoutTenant()->where('invoices.shop_id', $shopId)->finalizedSale()->leftJoin('customers', fn($j) => $j->on('customers.id', '=', 'invoices.customer_id')->on('customers.shop_id', '=', 'invoices.shop_id'))->select('invoices.id', 'invoices.customer_id', \Illuminate\Support\Facades\DB::raw('COALESCE(invoices.finalized_at, invoices.created_at) as doc_date'), 'invoices.total', \Illuminate\Support\Facades\DB::raw("COALESCE(NULLIF(TRIM(COALESCE(customers.first_name, '') || ' ' || COALESCE(customers.last_name, '')), ''), 'Walk-in') as customer_name"), 'customers.mobile as customer_mobile')->get()
ok-context	shopId traced: ReportRequest built from the authenticated user's shop (ReportScreen/SalesRegister/Export controllers), the queued-export payload (set at dispatch from that shop; a mismatched payload writes nothing — QueuedExportIsolationTest), or ValidateReportTotals looping over shops (console); TaxService::liability has no caller	tenant	app/Reporting/ReceivablesService.php:46	raw	read	invoice_payments	shop_id	key:other	fa711cadc8	\Illuminate\Support\Facades\DB::table('invoice_payments')->where('shop_id', $shopId)->whereIn('invoice_id', $ids)->groupBy('invoice_id')->selectRaw('invoice_id, SUM(amount) as collected')->pluck('collected', 'invoice_id')
ok-context	shopId traced: ReportRequest built from the authenticated user's shop (ReportScreen/SalesRegister/Export controllers), the queued-export payload (set at dispatch from that shop; a mismatched payload writes nothing — QueuedExportIsolationTest), or ValidateReportTotals looping over shops (console); TaxService::liability has no caller	tenant	app/Reporting/ReceivablesService.php:172	removed	read	historical_sales_documents	shop_id	where:via>mixed(property,context)	5d11107750	\App\Models\Historical\HistoricalSalesDocument::withoutTenant()->where('shop_id', $shopId)->where('status', \App\Models\Historical\HistoricalSalesDocument::STATUS_PUBLISHED)->with('customer')->get()
ok-join-shop	the join requires the referenced row's shop_id to equal the base row's — an inconsistent stored reference joins nothing, a consistent one joins as before (ReportReferenceIntegrityTest)	tenant	app/Reporting/ReceivablesService.php:304	embedded	read	customers	shop_id	frag:shop_id	f2b03e7fdc	\Illuminate\Support\Facades\DB::table('installment_plans as p')->where('p.shop_id', $shopId)->where('p.status', 'active')->leftJoin('customers as c', fn($j) => $j->on('c.id', '=', 'p.customer_id')->on('c.shop_id', '=', 'p.shop_id'))->leftJoin('invoices as i', fn($j) => $j->on('i.id', '=', 'p.invoice_id')->on('i.shop_id', '=', 'p.shop_id'))->select('p.id', 'p.total_payable', 'p.remaining_amount', 'p.emis_paid', 'p.total_emis', 'p.next_due_date', 'i.invoice_number', \Illuminate\Support\Facades\DB::raw("COALESCE(NULLIF(TRIM(COALESCE(c.first_name, '') || ' ' || COALESCE(c.last_name, '')), ''), 'Walk-in') as customer_name"))->orderBy('p.next_due_date')->get()
ok-join-shop	the join requires the referenced row's shop_id to equal the base row's — an inconsistent stored reference joins nothing, a consistent one joins as before (ReportReferenceIntegrityTest)	tenant	app/Reporting/ReceivablesService.php:304	embedded	read	invoices	shop_id	frag:shop_id	0420a56c2a	\Illuminate\Support\Facades\DB::table('installment_plans as p')->where('p.shop_id', $shopId)->where('p.status', 'active')->leftJoin('customers as c', fn($j) => $j->on('c.id', '=', 'p.customer_id')->on('c.shop_id', '=', 'p.shop_id'))->leftJoin('invoices as i', fn($j) => $j->on('i.id', '=', 'p.invoice_id')->on('i.shop_id', '=', 'p.shop_id'))->select('p.id', 'p.total_payable', 'p.remaining_amount', 'p.emis_paid', 'p.total_emis', 'p.next_due_date', 'i.invoice_number', \Illuminate\Support\Facades\DB::raw("COALESCE(NULLIF(TRIM(COALESCE(c.first_name, '') || ' ' || COALESCE(c.last_name, '')), ''), 'Walk-in') as customer_name"))->orderBy('p.next_due_date')->get()
ok-context	shopId traced: ReportRequest built from the authenticated user's shop, the queued-export payload (set at dispatch from that shop; a mismatched payload writes nothing — QueuedExportIsolationTest), or a console loop over shops	tenant	app/Reporting/ReceivablesService.php:304	raw	read	installment_plans	shop_id	where:via>mixed(loop,property,context)	0390e4f204	\Illuminate\Support\Facades\DB::table('installment_plans as p')->where('p.shop_id', $shopId)->where('p.status', 'active')->leftJoin('customers as c', fn($j) => $j->on('c.id', '=', 'p.customer_id')->on('c.shop_id', '=', 'p.shop_id'))->leftJoin('invoices as i', fn($j) => $j->on('i.id', '=', 'p.invoice_id')->on('i.shop_id', '=', 'p.shop_id'))->select('p.id', 'p.total_payable', 'p.remaining_amount', 'p.emis_paid', 'p.total_emis', 'p.next_due_date', 'i.invoice_number', \Illuminate\Support\Facades\DB::raw("COALESCE(NULLIF(TRIM(COALESCE(c.first_name, '') || ' ' || COALESCE(c.last_name, '')), ''), 'Walk-in') as customer_name"))->orderBy('p.next_due_date')->get()
ok-context	shopId traced: ReportRequest built from the authenticated user's shop (ReportScreen/SalesRegister/Export controllers), the queued-export payload (set at dispatch from that shop; a mismatched payload writes nothing — QueuedExportIsolationTest), or ValidateReportTotals looping over shops (console); TaxService::liability has no caller	tenant	app/Reporting/ReceivablesService.php:374	raw	read	scheme_ledger_entries	shop_id	key:other	9d85fb241f	\Illuminate\Support\Facades\DB::table('scheme_ledger_entries as e')->where('e.shop_id', $shopId)->whereIn('e.id', function ($q) use ($shopId) { $q->from('scheme_ledger_entries')->where('shop_id', $shopId)->selectRaw('MAX(id)')->groupBy('scheme_enrollment_id'); })->pluck('e.balance_after', 'e.scheme_enrollment_id')
ok-context	the subquery filters its own shop_id by the same shopId (reporting shopId note applies)	tenant	app/Reporting/ReceivablesService.php:377	embedded	read	scheme_ledger_entries	shop_id	frag:shop_id	9ee46fab59	$q->from('scheme_ledger_entries')->where('shop_id', $shopId)->selectRaw('MAX(id)')->groupBy('scheme_enrollment_id')
ok-join-shop	the join requires the referenced row's shop_id to equal the base row's — an inconsistent stored reference joins nothing, a consistent one joins as before (ReportReferenceIntegrityTest)	tenant	app/Reporting/ReceivablesService.php:384	embedded	read	customers	shop_id	frag:shop_id	04a8896149	\Illuminate\Support\Facades\DB::table('scheme_enrollments as se')->where('se.shop_id', $shopId)->whereIn('se.status', ['active', 'matured'])->leftJoin('schemes as s', fn($j) => $j->on('s.id', '=', 'se.scheme_id')->on('s.shop_id', '=', 'se.shop_id'))->leftJoin('customers as c', fn($j) => $j->on('c.id', '=', 'se.customer_id')->on('c.shop_id', '=', 'se.shop_id'))->select('se.id', 'se.status', 'se.total_paid', 'se.bonus_amount', 'se.is_bonus_accrued', 'se.maturity_date', 's.name as scheme_name', \Illuminate\Support\Facades\DB::raw("COALESCE(NULLIF(TRIM(COALESCE(c.first_name, '') || ' ' || COALESCE(c.last_name, '')), ''), 'Walk-in') as customer_name"))->orderByDesc('se.total_paid')->get()
ok-join-shop	the join requires the referenced row's shop_id to equal the base row's — an inconsistent stored reference joins nothing, a consistent one joins as before (ReportReferenceIntegrityTest)	tenant	app/Reporting/ReceivablesService.php:384	embedded	read	schemes	shop_id	frag:shop_id	7d253eaa41	\Illuminate\Support\Facades\DB::table('scheme_enrollments as se')->where('se.shop_id', $shopId)->whereIn('se.status', ['active', 'matured'])->leftJoin('schemes as s', fn($j) => $j->on('s.id', '=', 'se.scheme_id')->on('s.shop_id', '=', 'se.shop_id'))->leftJoin('customers as c', fn($j) => $j->on('c.id', '=', 'se.customer_id')->on('c.shop_id', '=', 'se.shop_id'))->select('se.id', 'se.status', 'se.total_paid', 'se.bonus_amount', 'se.is_bonus_accrued', 'se.maturity_date', 's.name as scheme_name', \Illuminate\Support\Facades\DB::raw("COALESCE(NULLIF(TRIM(COALESCE(c.first_name, '') || ' ' || COALESCE(c.last_name, '')), ''), 'Walk-in') as customer_name"))->orderByDesc('se.total_paid')->get()
ok-context	shopId traced: ReportRequest built from the authenticated user's shop, the queued-export payload (set at dispatch from that shop; a mismatched payload writes nothing — QueuedExportIsolationTest), or a console loop over shops	tenant	app/Reporting/ReceivablesService.php:384	raw	read	scheme_enrollments	shop_id	where:via>mixed(loop,property,context)	f2831adb2b	\Illuminate\Support\Facades\DB::table('scheme_enrollments as se')->where('se.shop_id', $shopId)->whereIn('se.status', ['active', 'matured'])->leftJoin('schemes as s', fn($j) => $j->on('s.id', '=', 'se.scheme_id')->on('s.shop_id', '=', 'se.shop_id'))->leftJoin('customers as c', fn($j) => $j->on('c.id', '=', 'se.customer_id')->on('c.shop_id', '=', 'se.shop_id'))->select('se.id', 'se.status', 'se.total_paid', 'se.bonus_amount', 'se.is_bonus_accrued', 'se.maturity_date', 's.name as scheme_name', \Illuminate\Support\Facades\DB::raw("COALESCE(NULLIF(TRIM(COALESCE(c.first_name, '') || ' ' || COALESCE(c.last_name, '')), ''), 'Walk-in') as customer_name"))->orderByDesc('se.total_paid')->get()
ok-context	shopId traced: ReportRequest built from the authenticated user's shop (ReportScreen/SalesRegister/Export controllers), the queued-export payload (set at dispatch from that shop; a mismatched payload writes nothing — QueuedExportIsolationTest), or ValidateReportTotals looping over shops (console); TaxService::liability has no caller	tenant	app/Reporting/ReceivablesService.php:443	raw	read	metal_lots	shop_id	where:via>mixed(loop,property,context)	13a96b9572	\Illuminate\Support\Facades\DB::table('metal_lots')->where('shop_id', $shopId)->where('source', 'customer_advance')->sum('fine_weight_remaining')
ok-join-shop	the join requires the referenced row's shop_id to equal the base row's — an inconsistent stored reference joins nothing, a consistent one joins as before (ReportReferenceIntegrityTest)	tenant	app/Reporting/ReceivablesService.php:448	embedded	read	customers	shop_id	frag:shop_id	9f195d2945	\Illuminate\Support\Facades\DB::table('customer_gold_transactions as t')->where('t.shop_id', $shopId)->where('t.type', 'advance')->leftJoin('customers as c', fn($j) => $j->on('c.id', '=', 't.customer_id')->on('c.shop_id', '=', 't.shop_id'))->groupBy('t.customer_id', 'c.first_name', 'c.last_name')->select(\Illuminate\Support\Facades\DB::raw("COALESCE(NULLIF(TRIM(COALESCE(c.first_name, '') || ' ' || COALESCE(c.last_name, '')), ''), 'Walk-in') as customer_name"), \Illuminate\Support\Facades\DB::raw('SUM(t.fine_gold) as fine'))->orderByDesc('fine')->get()->map(fn($r) => (object) ['customer_name' => $r->customer_name, 'fine_deposited' => round((float) $r->fine, 4)])
ok-context	shopId traced: ReportRequest built from the authenticated user's shop, the queued-export payload (set at dispatch from that shop; a mismatched payload writes nothing — QueuedExportIsolationTest), or a console loop over shops	tenant	app/Reporting/ReceivablesService.php:448	raw	read	customer_gold_transactions	shop_id	where:via>mixed(loop,property,context)	555c3b39ed	\Illuminate\Support\Facades\DB::table('customer_gold_transactions as t')->where('t.shop_id', $shopId)->where('t.type', 'advance')->leftJoin('customers as c', fn($j) => $j->on('c.id', '=', 't.customer_id')->on('c.shop_id', '=', 't.shop_id'))->groupBy('t.customer_id', 'c.first_name', 'c.last_name')->select(\Illuminate\Support\Facades\DB::raw("COALESCE(NULLIF(TRIM(COALESCE(c.first_name, '') || ' ' || COALESCE(c.last_name, '')), ''), 'Walk-in') as customer_name"), \Illuminate\Support\Facades\DB::raw('SUM(t.fine_gold) as fine'))->orderByDesc('fine')->get()->map(fn($r) => (object) ['customer_name' => $r->customer_name, 'fine_deposited' => round((float) $r->fine, 4)])
ok-context	shopId traced: ReportRequest built from the authenticated user's shop (ReportScreen/SalesRegister/Export controllers), the queued-export payload (set at dispatch from that shop; a mismatched payload writes nothing — QueuedExportIsolationTest), or ValidateReportTotals looping over shops (console); TaxService::liability has no caller	tenant	app/Reporting/ReceivablesService.php:466	raw	read	customer_gold_transactions	shop_id	where:via>mixed(loop,property,context)	85204fd013	\Illuminate\Support\Facades\DB::table('customer_gold_transactions')->where('shop_id', $shopId)->where('type', 'old_metal_in')->sum('fine_gold')
ok-context	shopId traced: ReportRequest built from the authenticated user's shop (ReportScreen/SalesRegister/Export controllers), the queued-export payload (set at dispatch from that shop; a mismatched payload writes nothing — QueuedExportIsolationTest), or ValidateReportTotals looping over shops (console); TaxService::liability has no caller	tenant	app/Reporting/ReceivablesService.php:474	raw	read	metal_lots	shop_id	where:via>mixed(loop,property,context)	aa3ad49973	\Illuminate\Support\Facades\DB::table('metal_lots')->where('shop_id', $shopId)->where('source', '<>', 'karigar_held')->sum('fine_weight_remaining')
ok-join-shop	the join requires the referenced row's shop_id to equal the base row's — an inconsistent stored reference joins nothing, a consistent one joins as before (ReportReferenceIntegrityTest)	tenant	app/Reporting/SalesService.php:25	embedded	read	customers	shop_id	frag:shop_id	c9e548a8d2	\App\Models\Invoice::withoutTenant()->where('invoices.shop_id', $shopId)->salesIn($period)->leftJoin('customers', fn($j) => $j->on('customers.id', '=', 'invoices.customer_id')->on('customers.shop_id', '=', 'invoices.shop_id'))->select('invoices.id', 'invoices.invoice_number', \Illuminate\Support\Facades\DB::raw('COALESCE(invoices.finalized_at, invoices.created_at) as doc_date'), 'invoices.total', \Illuminate\Support\Facades\DB::raw("COALESCE(NULLIF(TRIM(COALESCE(customers.first_name, '') || ' ' || COALESCE(customers.last_name, '')), ''), 'Walk-in') as customer_name"))->orderBy('doc_date')->get()
ok-context	shopId traced: ReportRequest built from the authenticated user's shop, the queued-export payload (set at dispatch from that shop; a mismatched payload writes nothing — QueuedExportIsolationTest), or a console loop over shops	tenant	app/Reporting/SalesService.php:25	removed	read	invoices	shop_id	where:via>mixed(loop,property,context)	65b1fd7076	\App\Models\Invoice::withoutTenant()->where('invoices.shop_id', $shopId)->salesIn($period)->leftJoin('customers', fn($j) => $j->on('customers.id', '=', 'invoices.customer_id')->on('customers.shop_id', '=', 'invoices.shop_id'))->select('invoices.id', 'invoices.invoice_number', \Illuminate\Support\Facades\DB::raw('COALESCE(invoices.finalized_at, invoices.created_at) as doc_date'), 'invoices.total', \Illuminate\Support\Facades\DB::raw("COALESCE(NULLIF(TRIM(COALESCE(customers.first_name, '') || ' ' || COALESCE(customers.last_name, '')), ''), 'Walk-in') as customer_name"))->orderBy('doc_date')->get()
ok-context	shopId traced: ReportRequest built from the authenticated user's shop (ReportScreen/SalesRegister/Export controllers), the queued-export payload (set at dispatch from that shop; a mismatched payload writes nothing — QueuedExportIsolationTest), or ValidateReportTotals looping over shops (console); TaxService::liability has no caller	tenant	app/Reporting/SalesService.php:41	raw	read	invoice_payments	shop_id	key:other	77311207d1	\Illuminate\Support\Facades\DB::table('invoice_payments')->where('shop_id', $shopId)->whereIn('invoice_id', $ids)->groupBy('invoice_id')->selectRaw('invoice_id, SUM(amount) as collected')->pluck('collected', 'invoice_id')
ok-context	shopId traced: ReportRequest built from the authenticated user's shop (ReportScreen/SalesRegister/Export controllers), the queued-export payload (set at dispatch from that shop; a mismatched payload writes nothing — QueuedExportIsolationTest), or ValidateReportTotals looping over shops (console); TaxService::liability has no caller	tenant	app/Reporting/SalesService.php:48	raw	read	invoice_payments	shop_id	key:other	bfe93a7cab	\Illuminate\Support\Facades\DB::table('invoice_payments')->where('shop_id', $shopId)->whereIn('invoice_id', $ids)->groupBy('mode')->selectRaw('mode, SUM(amount) as amount')->orderByDesc('amount')->get()->mapWithKeys(fn($r) => [$r->mode => round((float) $r->amount, 2)])
ok-join-shop	the join requires the referenced row's shop_id to equal the base row's — an inconsistent stored reference joins nothing, a consistent one joins as before (ReportReferenceIntegrityTest)	tenant	app/Reporting/TaxService.php:39	embedded	read	customers	shop_id	frag:shop_id	ca4baa5b41	\App\Models\Invoice::withoutTenant()->where('invoices.shop_id', $shopId)->salesIn($period)->whereNotNull('invoices.buyer_gstin')->whereRaw("TRIM(invoices.buyer_gstin) <> ''")->leftJoin('customers', fn($j) => $j->on('customers.id', '=', 'invoices.customer_id')->on('customers.shop_id', '=', 'invoices.shop_id'))->select('invoices.invoice_number', \Illuminate\Support\Facades\DB::raw("{$dateExpr} as doc_date"), 'invoices.buyer_gstin', 'invoices.place_of_supply_state_code', 'invoices.gst_rate', 'invoices.subtotal as taxable', \Illuminate\Support\Facades\DB::raw('COALESCE(invoices.cgst_amount, ROUND(invoices.gst / 2.0, 2)) as cgst'), \Illuminate\Support\Facades\DB::raw('COALESCE(invoices.sgst_amount, invoices.gst - ROUND(invoices.gst / 2.0, 2)) as sgst'), \Illuminate\Support\Facades\DB::raw('COALESCE(invoices.igst_amount, 0) as igst'), 'invoices.gst', 'invoices.total', \Illuminate\Support\Facades\DB::raw("COALESCE(NULLIF(TRIM(COALESCE(customers.first_name, '') || ' ' || COALESCE(customers.last_name, '')), ''), 'Registered buyer') as customer_name"))->orderBy('doc_date')->get()
ok-context	shopId traced: ReportRequest built from the authenticated user's shop, the queued-export payload (set at dispatch from that shop; a mismatched payload writes nothing — QueuedExportIsolationTest), or a console loop over shops	tenant	app/Reporting/TaxService.php:39	removed	read	invoices	shop_id	where:via>mixed(loop,property,context)	698eee1d06	\App\Models\Invoice::withoutTenant()->where('invoices.shop_id', $shopId)->salesIn($period)->whereNotNull('invoices.buyer_gstin')->whereRaw("TRIM(invoices.buyer_gstin) <> ''")->leftJoin('customers', fn($j) => $j->on('customers.id', '=', 'invoices.customer_id')->on('customers.shop_id', '=', 'invoices.shop_id'))->select('invoices.invoice_number', \Illuminate\Support\Facades\DB::raw("{$dateExpr} as doc_date"), 'invoices.buyer_gstin', 'invoices.place_of_supply_state_code', 'invoices.gst_rate', 'invoices.subtotal as taxable', \Illuminate\Support\Facades\DB::raw('COALESCE(invoices.cgst_amount, ROUND(invoices.gst / 2.0, 2)) as cgst'), \Illuminate\Support\Facades\DB::raw('COALESCE(invoices.sgst_amount, invoices.gst - ROUND(invoices.gst / 2.0, 2)) as sgst'), \Illuminate\Support\Facades\DB::raw('COALESCE(invoices.igst_amount, 0) as igst'), 'invoices.gst', 'invoices.total', \Illuminate\Support\Facades\DB::raw("COALESCE(NULLIF(TRIM(COALESCE(customers.first_name, '') || ' ' || COALESCE(customers.last_name, '')), ''), 'Registered buyer') as customer_name"))->orderBy('doc_date')->get()
ok-context	shopId traced: ReportRequest built from the authenticated user's shop (ReportScreen/SalesRegister/Export controllers), the queued-export payload (set at dispatch from that shop; a mismatched payload writes nothing — QueuedExportIsolationTest), or ValidateReportTotals looping over shops (console); TaxService::liability has no caller	tenant	app/Reporting/TaxService.php:63	removed	read	invoices	shop_id	where:via>mixed(loop,property,context)	1af4b9c692	\App\Models\Invoice::withoutTenant()->where('invoices.shop_id', $shopId)->salesIn($period)->where(function ($q) { $q->whereNull('invoices.buyer_gstin')->orWhereRaw("TRIM(invoices.buyer_gstin) = ''"); })->select('invoices.gst_rate', 'invoices.place_of_supply_state_code', \Illuminate\Support\Facades\DB::raw('SUM(invoices.subtotal) as taxable'), \Illuminate\Support\Facades\DB::raw('SUM(COALESCE(invoices.cgst_amount, ROUND(invoices.gst / 2.0, 2))) as cgst'), \Illuminate\Support\Facades\DB::raw('SUM(COALESCE(invoices.sgst_amount, invoices.gst - ROUND(invoices.gst / 2.0, 2))) as sgst'), \Illuminate\Support\Facades\DB::raw('SUM(COALESCE(invoices.igst_amount, 0)) as igst'), \Illuminate\Support\Facades\DB::raw('SUM(invoices.gst) as gst'), \Illuminate\Support\Facades\DB::raw('COUNT(*) as count'))->groupBy('invoices.gst_rate', 'invoices.place_of_supply_state_code')->orderBy('invoices.gst_rate')->get()
ok-context	the parent join: invoice lines belong to their invoice by construction, and the same chain filters invoices.shop_id to the caller's shop (reporting shopId note)	tenant	app/Reporting/TaxService.php:85	embedded	read	invoices	shop_id	where:via>mixed(loop,property,context)	f02c495eab	\Illuminate\Support\Facades\DB::table('invoice_items')->join('invoices', 'invoices.id', '=', 'invoice_items.invoice_id')->where('invoices.shop_id', $shopId)->where('invoices.status', \App\Models\Invoice::STATUS_FINALIZED)->whereRaw("COALESCE(invoices.finalized_at, invoices.created_at) BETWEEN ? AND ?", [$start, $end])->select(\Illuminate\Support\Facades\DB::raw("COALESCE(NULLIF(TRIM(invoice_items.hsn_code), ''), '—') as hsn_code"), \Illuminate\Support\Facades\DB::raw('SUM(invoice_items.line_total) as taxable'), \Illuminate\Support\Facades\DB::raw('SUM(COALESCE(invoice_items.gst_amount, 0)) as gst'), \Illuminate\Support\Facades\DB::raw('COUNT(*) as lines'))->groupBy(\Illuminate\Support\Facades\DB::raw("COALESCE(NULLIF(TRIM(invoice_items.hsn_code), ''), '—')"))->orderByDesc('taxable')->get()
ok-context	shopId traced: ReportRequest built from the authenticated user's shop (ReportScreen/SalesRegister/Export controllers), the queued-export payload (set at dispatch from that shop; a mismatched payload writes nothing — QueuedExportIsolationTest), or ValidateReportTotals looping over shops (console); TaxService::liability has no caller	tenant	app/Reporting/TaxService.php:85	raw	read	invoice_items	via:invoices	where:via>mixed(loop,property,context)	0d8b9c6f5d	\Illuminate\Support\Facades\DB::table('invoice_items')->join('invoices', 'invoices.id', '=', 'invoice_items.invoice_id')->where('invoices.shop_id', $shopId)->where('invoices.status', \App\Models\Invoice::STATUS_FINALIZED)->whereRaw("COALESCE(invoices.finalized_at, invoices.created_at) BETWEEN ? AND ?", [$start, $end])->select(\Illuminate\Support\Facades\DB::raw("COALESCE(NULLIF(TRIM(invoice_items.hsn_code), ''), '—') as hsn_code"), \Illuminate\Support\Facades\DB::raw('SUM(invoice_items.line_total) as taxable'), \Illuminate\Support\Facades\DB::raw('SUM(COALESCE(invoice_items.gst_amount, 0)) as gst'), \Illuminate\Support\Facades\DB::raw('COUNT(*) as lines'))->groupBy(\Illuminate\Support\Facades\DB::raw("COALESCE(NULLIF(TRIM(invoice_items.hsn_code), ''), '—')"))->orderByDesc('taxable')->get()
ok-join-shop	the join requires the referenced row's shop_id to equal the base row's — an inconsistent stored reference joins nothing, a consistent one joins as before (ReportReferenceIntegrityTest)	tenant	app/Reporting/TaxService.php:139	embedded	read	customers	shop_id	frag:shop_id	5991b2a2ea	\App\Models\CreditNote::withoutTenant()->where('credit_notes.shop_id', $shopId)->whereBetween('credit_notes.issued_at', [$start, $end])->leftJoin('invoices', fn($j) => $j->on('invoices.id', '=', 'credit_notes.invoice_id')->on('invoices.shop_id', '=', 'credit_notes.shop_id'))->leftJoin('customers', fn($j) => $j->on('customers.id', '=', 'credit_notes.customer_id')->on('customers.shop_id', '=', 'credit_notes.shop_id'))->select('credit_notes.credit_note_number', 'credit_notes.issued_at', \Illuminate\Support\Facades\DB::raw("CASE WHEN credit_notes.return_order_id IS NULL THEN 'full_cancellation' ELSE 'partial_return' END as cn_type"), 'credit_notes.gst_rate', 'credit_notes.subtotal as taxable', 'credit_notes.gst', \Illuminate\Support\Facades\DB::raw('COALESCE(credit_notes.cgst_amount, ROUND(credit_notes.gst / 2.0, 2)) as cgst'), \Illuminate\Support\Facades\DB::raw('COALESCE(credit_notes.sgst_amount, credit_notes.gst - ROUND(credit_notes.gst / 2.0, 2)) as sgst'), \Illuminate\Support\Facades\DB::raw('COALESCE(credit_notes.igst_amount, 0) as igst'), 'credit_notes.total', 'invoices.invoice_number as original_invoice_number', 'invoices.created_at as original_invoice_date', \Illuminate\Support\Facades\DB::raw("COALESCE(NULLIF(TRIM(COALESCE(customers.first_name, '') || ' ' || COALESCE(customers.last_name, '')), ''), 'Walk-in') as customer_name"))->orderBy('credit_notes.issued_at')->get()
ok-join-shop	the join requires the referenced row's shop_id to equal the base row's — an inconsistent stored reference joins nothing, a consistent one joins as before (ReportReferenceIntegrityTest)	tenant	app/Reporting/TaxService.php:139	embedded	read	invoices	shop_id	frag:shop_id	3516bbeebc	\App\Models\CreditNote::withoutTenant()->where('credit_notes.shop_id', $shopId)->whereBetween('credit_notes.issued_at', [$start, $end])->leftJoin('invoices', fn($j) => $j->on('invoices.id', '=', 'credit_notes.invoice_id')->on('invoices.shop_id', '=', 'credit_notes.shop_id'))->leftJoin('customers', fn($j) => $j->on('customers.id', '=', 'credit_notes.customer_id')->on('customers.shop_id', '=', 'credit_notes.shop_id'))->select('credit_notes.credit_note_number', 'credit_notes.issued_at', \Illuminate\Support\Facades\DB::raw("CASE WHEN credit_notes.return_order_id IS NULL THEN 'full_cancellation' ELSE 'partial_return' END as cn_type"), 'credit_notes.gst_rate', 'credit_notes.subtotal as taxable', 'credit_notes.gst', \Illuminate\Support\Facades\DB::raw('COALESCE(credit_notes.cgst_amount, ROUND(credit_notes.gst / 2.0, 2)) as cgst'), \Illuminate\Support\Facades\DB::raw('COALESCE(credit_notes.sgst_amount, credit_notes.gst - ROUND(credit_notes.gst / 2.0, 2)) as sgst'), \Illuminate\Support\Facades\DB::raw('COALESCE(credit_notes.igst_amount, 0) as igst'), 'credit_notes.total', 'invoices.invoice_number as original_invoice_number', 'invoices.created_at as original_invoice_date', \Illuminate\Support\Facades\DB::raw("COALESCE(NULLIF(TRIM(COALESCE(customers.first_name, '') || ' ' || COALESCE(customers.last_name, '')), ''), 'Walk-in') as customer_name"))->orderBy('credit_notes.issued_at')->get()
ok-context	shopId traced: ReportRequest built from the authenticated user's shop, the queued-export payload (set at dispatch from that shop; a mismatched payload writes nothing — QueuedExportIsolationTest), or a console loop over shops	tenant	app/Reporting/TaxService.php:139	removed	read	credit_notes	shop_id	where:via>mixed(loop,property,context)	f17e864956	\App\Models\CreditNote::withoutTenant()->where('credit_notes.shop_id', $shopId)->whereBetween('credit_notes.issued_at', [$start, $end])->leftJoin('invoices', fn($j) => $j->on('invoices.id', '=', 'credit_notes.invoice_id')->on('invoices.shop_id', '=', 'credit_notes.shop_id'))->leftJoin('customers', fn($j) => $j->on('customers.id', '=', 'credit_notes.customer_id')->on('customers.shop_id', '=', 'credit_notes.shop_id'))->select('credit_notes.credit_note_number', 'credit_notes.issued_at', \Illuminate\Support\Facades\DB::raw("CASE WHEN credit_notes.return_order_id IS NULL THEN 'full_cancellation' ELSE 'partial_return' END as cn_type"), 'credit_notes.gst_rate', 'credit_notes.subtotal as taxable', 'credit_notes.gst', \Illuminate\Support\Facades\DB::raw('COALESCE(credit_notes.cgst_amount, ROUND(credit_notes.gst / 2.0, 2)) as cgst'), \Illuminate\Support\Facades\DB::raw('COALESCE(credit_notes.sgst_amount, credit_notes.gst - ROUND(credit_notes.gst / 2.0, 2)) as sgst'), \Illuminate\Support\Facades\DB::raw('COALESCE(credit_notes.igst_amount, 0) as igst'), 'credit_notes.total', 'invoices.invoice_number as original_invoice_number', 'invoices.created_at as original_invoice_date', \Illuminate\Support\Facades\DB::raw("COALESCE(NULLIF(TRIM(COALESCE(customers.first_name, '') || ' ' || COALESCE(customers.last_name, '')), ''), 'Walk-in') as customer_name"))->orderBy('credit_notes.issued_at')->get()
ok-context	$this->shopId comes from StoreItemRequest: the authenticated user's shop	tenant	app/Rules/Inventory/UniqueBarcodeForShop.php:32	removed	read	items	shop_id	token:via>?	0a72306ec2	\App\Models\Item::withoutTenant()->where('shop_id', $this->shopId)->where('barcode', $value)->when($this->ignoreItemId, fn($q) => $q->where('id', '!=', $this->ignoreItemId))->exists()
earlier	read in the 11e91c3 round (handoff §7e); file unchanged since	tenant	app/Rules/UniqueNameIgnoringCase.php:69	raw	read	?	?	orkey:property	16c1e40326	\Illuminate\Support\Facades\DB::table($this->table)->where($this->scope)->when($this->ignoreId !== null, fn($q) => $q->where('id', '!=', $this->ignoreId))->whereRaw("LOWER(TRIM(REGEXP_REPLACE(name, '\\s+', ' ', 'g'))) = ?", [$needle])->exists()
ok-platform	platform-admin impersonation of a user the admin selected; the banner reads its own session row (reinspected: conservative trust rules)	tenant	app/Services/AdminImpersonationService.php:43	unscoped	WRITE	platform_impersonation_sessions	shop_id	insert:via>unowned	257497d202	\App\Models\Platform\PlatformImpersonationSession::create(['admin_id' => $admin->id, 'shop_id' => $user->shop_id, 'user_id' => $user->id, 'started_at' => $now, 'expires_at' => $expiresAt, 'created_at' => $now])
earlier	read in the 11e91c3 round (handoff §7e); file unchanged since	tenant	app/Services/AdminImpersonationService.php:84	unscoped	read	platform_impersonation_sessions	shop_id	key:other	99f2cb2e2e	\App\Models\Platform\PlatformImpersonationSession::query()->find($sessionId)
UNREAD		tenant	app/Services/AdminImpersonationService.php:173	unscoped	read	shops	self:id	key:record?	b361231906	\App\Models\Shop::query()->select('id', 'name')->find($session->shop_id)
ok-platform	platform-admin impersonation of a user the admin selected; the banner reads its own session row (reinspected: conservative trust rules)	tenant	app/Services/AdminImpersonationService.php:174	unscoped	read	users	shop_id	key:record?	bf2c0271b0	\App\Models\User::query()->select('id', 'name', 'mobile_number')->find($session->user_id)
earlier	read in the 11e91c3 round (handoff §7e); file unchanged since	tenant	app/Services/AdminImpersonationService.php:192	unscoped	read	platform_impersonation_sessions	shop_id	key:other	a4ad91a621	\App\Models\Platform\PlatformImpersonationSession::query()->find($sessionId)
ok-record	the snapshot of the invoice being rendered; callers bind the invoice through the shop scope (reinspected: conservative trust rules)	tenant	app/Services/BillPresentation.php:162	removed	read	invoice_render_snapshots	shop_id	key:via>?	74dcfb633c	\App\Models\InvoiceRenderSnapshot::withoutTenant()->where('invoice_id', $invoice->id)->value('snapshot')
ok-record	shopId is the rendered invoice's own shop; the "other" callers listed are different resolve() methods (name collision)	tenant	app/Services/BillPresentation.php:256	removed	read	shop_billing_settings	shop_id	where:via>mixed(?,loop,other)	366a1732ee	\App\Models\ShopBillingSettings::withoutTenant()->where('shop_id', $shopId)->first()
UNREAD		tenant	app/Services/BillPresentation.php:294	unscoped	read	shops	self:id	key:via>mixed(?,loop,other)	c06e02ca86	\App\Models\Shop::query()->whereKey($shopId)->value('gst_number')
UNREAD		tenant	app/Services/BillPresentation.php:319	unscoped	read	shops	self:id	key:via>?	ad53098e60	\App\Models\Shop::query()->whereKey($shopId)->first()
ok-self	re-reads and claims the import it was given by its own id; its shop is the import's own (reinspected: conservative trust rules)	tenant	app/Services/BulkImportService.php:171	removed	read	imports	shop_id	key:via>unowned	3032eb1849	\App\Models\Import::withoutTenant()->findOrFail($import->id)
ok-self	re-reads and claims the import it was given by its own id; its shop is the import's own (reinspected: conservative trust rules)	tenant	app/Services/BulkImportService.php:196	removed	WRITE	imports	shop_id	key:via>unowned	01e10f09d3	\App\Models\Import::withoutTenant()->where('id', $import->id)->whereIn('status', [\App\Models\Import::STATUS_PREVIEW, \App\Models\Import::STATUS_QUEUED])->update(['status' => \App\Models\Import::STATUS_RUNNING, 'mode' => $mode, 'started_at' => now(), 'processed_rows' => 0])
ok-self	re-reads and claims the import it was given by its own id; its shop is the import's own (reinspected: conservative trust rules)	tenant	app/Services/BulkImportService.php:207	removed	read	imports	shop_id	key:via>unowned	f08033c1ef	\App\Models\Import::withoutTenant()->find($import->id)
ok-self	re-reads and claims the import it was given by its own id; its shop is the import's own (reinspected: conservative trust rules)	tenant	app/Services/BulkImportService.php:225	removed	read	imports	shop_id	key:via>unowned	3032eb1849	\App\Models\Import::withoutTenant()->findOrFail($import->id)
trusted	constraint from via>context	tenant	app/Services/BulkImportService.php:637	unscoped	read	shops	self:id	key:via>context	9caf980f6f	\App\Models\Shop::find($shopId)
UNREAD		tenant	app/Services/BulkImportService.php:681	unscoped	read	shops	self:id	key:via>unowned	08a731d848	\App\Models\Shop::findOrFail($shopId)
UNREAD		tenant	app/Services/BulkImportService.php:956	unscoped	read	shops	self:id	key:via>mixed(context,unowned)	840be7d068	\App\Models\Shop::find($shopId)
ok-self	re-reads and claims the import it was given by its own id; its shop is the import's own (reinspected: conservative trust rules)	tenant	app/Services/BulkImportService.php:969	raw	read	shop_rules	shop_id	where:via>mixed(context,unowned)	bf12f7f20f	\Illuminate\Support\Facades\DB::table('shop_rules')->where('shop_id', $shopId)->value('financial_lock_date')
UNREAD		tenant	app/Services/BulkImportService.php:977	unscoped	read	shops	self:id	key:via>mixed(context,unowned)	97a2c3f46b	\App\Models\Shop::whereKey($shopId)->value('shop_type')
trusted	constraint from via>context	tenant	app/Services/BulkImportService.php:990	unscoped	read	shops	self:id	key:via>context	cb770a9da3	\App\Models\Shop::find($shopId)
ok-context	counters and billing settings of the shop whose record is being created — the record's own shop_id, set from tenant context by BelongsToShop (traced: model creating events; invoice, quick-bill and credit-note services) (reinspected: conservative trust rules)	tenant	app/Services/BusinessIdentifierService.php:36	unscoped	read	shop_counters	shop_id	where:via>mixed(other,owned,record,context,deep,record?)	1e929afaec	\App\Models\ShopCounter::query()->where('shop_id', $shopId)->where('counter_key', $counterKey)->lockForUpdate()->first()
ok-context	counters and billing settings of the shop whose record is being created — the record's own shop_id, set from tenant context by BelongsToShop (traced: model creating events; invoice, quick-bill and credit-note services) (reinspected: conservative trust rules)	tenant	app/Services/BusinessIdentifierService.php:45	unscoped	WRITE	shop_counters	shop_id	insert:via>mixed(other,owned,record,context,deep,record?)	7897d81535	\App\Models\ShopCounter::query()->create(['shop_id' => $shopId, 'counter_key' => $counterKey, 'current_value' => $initialValue])
ok-context	counters and billing settings of the shop whose record is being created — the record's own shop_id, set from tenant context by BelongsToShop (traced: model creating events; invoice, quick-bill and credit-note services) (reinspected: conservative trust rules)	tenant	app/Services/BusinessIdentifierService.php:56	unscoped	read	shop_counters	shop_id	where:via>mixed(other,owned,record,context,deep,record?)	679af89ab1	\App\Models\ShopCounter::query()->where('shop_id', $shopId)->where('counter_key', $counterKey)->lockForUpdate()->firstOrFail()
ok-context	counters and billing settings of the shop whose record is being created — the record's own shop_id, set from tenant context by BelongsToShop (traced: model creating events; invoice, quick-bill and credit-note services) (reinspected: conservative trust rules)	tenant	app/Services/BusinessIdentifierService.php:77	raw	read	shop_billing_settings	shop_id	where:via>mixed(other,owned,record,context,deep,record?)	8f0cdd3d1c	\Illuminate\Support\Facades\DB::table('shop_billing_settings')->where('shop_id', $shopId)->value('invoice_start_number')
ok-context	counters and billing settings of the shop whose record is being created — the record's own shop_id, set from tenant context by BelongsToShop (traced: model creating events; invoice, quick-bill and credit-note services) (reinspected: conservative trust rules)	tenant	app/Services/BusinessIdentifierService.php:107	raw	read	shop_billing_settings	shop_id	where:via>mixed(other,owned,record,context)	1eb7a2d1df	\Illuminate\Support\Facades\DB::table('shop_billing_settings')->where('shop_id', $shopId)->value('invoice_prefix')
ok-context	counters and billing settings of the shop whose record is being created — the record's own shop_id, set from tenant context by BelongsToShop (traced: model creating events; invoice, quick-bill and credit-note services) (reinspected: conservative trust rules)	tenant	app/Services/BusinessIdentifierService.php:126	raw	read	shop_billing_settings	shop_id	where:via>mixed(other,owned,record,context)	f63ecdcf05	\Illuminate\Support\Facades\DB::table('shop_billing_settings')->where('shop_id', $shopId)->value('invoice_suffix')
ok-context	counters and billing settings of the shop whose record is being created — the record's own shop_id, set from tenant context by BelongsToShop (traced: model creating events; invoice, quick-bill and credit-note services) (reinspected: conservative trust rules)	tenant	app/Services/BusinessIdentifierService.php:145	raw	read	shop_billing_settings	shop_id	where:via>mixed(other,owned,record,context)	6714a0cb10	\Illuminate\Support\Facades\DB::table('shop_billing_settings')->where('shop_id', $shopId)->first(['year_reset', 'current_fiscal_year', 'invoice_start_number'])
ok-context	counters and billing settings of the shop whose record is being created — the record's own shop_id, set from tenant context by BelongsToShop (traced: model creating events; invoice, quick-bill and credit-note services) (reinspected: conservative trust rules)	tenant	app/Services/BusinessIdentifierService.php:164	unscoped	WRITE	shop_counters	shop_id	where:via>mixed(other,owned,record,context)	11fb197a59	\App\Models\ShopCounter::query()->where('shop_id', $shopId)->where('counter_key', self::KEY_INVOICE)->update(['current_value' => $startNumber - 1])
ok-context	counters and billing settings of the shop whose record is being created — the record's own shop_id, set from tenant context by BelongsToShop (traced: model creating events; invoice, quick-bill and credit-note services) (reinspected: conservative trust rules)	tenant	app/Services/BusinessIdentifierService.php:169	raw	WRITE	shop_billing_settings	shop_id	where:via>mixed(other,owned,record,context)	22504ace03	\Illuminate\Support\Facades\DB::table('shop_billing_settings')->where('shop_id', $shopId)->update(['current_fiscal_year' => $currentFY])
global	no tenant table: platform_counters — platform sequences (shop codes, platform invoices)	tenant	app/Services/BusinessIdentifierService.php:268	raw	read	platform_counters	-	none:-	69104c7040	\Illuminate\Support\Facades\DB::table('platform_counters')->where('counter_key', self::KEY_SHOP_CODE)->lockForUpdate()->first()
global	no tenant table: platform_counters — platform sequences (shop codes, platform invoices)	tenant	app/Services/BusinessIdentifierService.php:275	raw	WRITE	platform_counters	-	none:-	f706118c67	\Illuminate\Support\Facades\DB::table('platform_counters')->insert(['counter_key' => self::KEY_SHOP_CODE, 'current_value' => 0, 'created_at' => now(), 'updated_at' => now()])
global	no tenant table: platform_counters — platform sequences (shop codes, platform invoices)	tenant	app/Services/BusinessIdentifierService.php:287	raw	read	platform_counters	-	none:-	d324958cfd	\Illuminate\Support\Facades\DB::table('platform_counters')->where('counter_key', self::KEY_SHOP_CODE)->lockForUpdate()->firstOrFail()
global	no tenant table: platform_counters — platform sequences (shop codes, platform invoices)	tenant	app/Services/BusinessIdentifierService.php:295	raw	WRITE	platform_counters	-	none:-	9b16ef2756	\Illuminate\Support\Facades\DB::table('platform_counters')->where('counter_key', self::KEY_SHOP_CODE)->update(['current_value' => $next, 'updated_at' => now()])
global	no tenant table: platform_counters — platform sequences (shop codes, platform invoices)	tenant	app/Services/BusinessIdentifierService.php:315	raw	read	platform_counters	-	none:-	23397d666d	\Illuminate\Support\Facades\DB::table('platform_counters')->where('counter_key', self::KEY_PLATFORM_INVOICE)->lockForUpdate()->first()
global	no tenant table: platform_counters — platform sequences (shop codes, platform invoices)	tenant	app/Services/BusinessIdentifierService.php:322	raw	WRITE	platform_counters	-	none:-	424d93ac7d	\Illuminate\Support\Facades\DB::table('platform_counters')->insert(['counter_key' => self::KEY_PLATFORM_INVOICE, 'current_value' => 0, 'created_at' => now(), 'updated_at' => now()])
global	no tenant table: platform_counters — platform sequences (shop codes, platform invoices)	tenant	app/Services/BusinessIdentifierService.php:334	raw	read	platform_counters	-	none:-	6fa46d0153	\Illuminate\Support\Facades\DB::table('platform_counters')->where('counter_key', self::KEY_PLATFORM_INVOICE)->lockForUpdate()->firstOrFail()
global	no tenant table: platform_counters — platform sequences (shop codes, platform invoices)	tenant	app/Services/BusinessIdentifierService.php:342	raw	WRITE	platform_counters	-	none:-	79df55b810	\Illuminate\Support\Facades\DB::table('platform_counters')->where('counter_key', self::KEY_PLATFORM_INVOICE)->update(['current_value' => $next, 'updated_at' => now()])
UNREAD		tenant	app/Services/CatalogShareService.php:123	unscoped	read	shops	self:id	none:-	b6fea7bfa0	\App\Models\Shop::generateUniqueCatalogSlug((string) $shop->name, $shop->id)
ok-token	the public catalog: the shop of an item or collection reached by its public slug/token (S3-06 review) (reinspected: conservative trust rules)	tenant	app/Services/CatalogShareService.php:127	removed	WRITE	catalog_website_settings	shop_id	where:via>mixed(context,record?)	20a9855b35	\App\Models\CatalogWebsiteSettings::withoutTenant()->firstOrCreate(['shop_id' => $shop->id], ['is_enabled' => true, 'social_whatsapp' => ($shop->shop_whatsapp ?: $shop->phone) ?: null])
earlier	read in the 11e91c3 round (handoff §7e); file unchanged since	tenant	app/Services/CatalogShareService.php:335	unscoped	WRITE	catalog_collection_items	via:items	none:-	ab84999847	\App\Models\CatalogCollectionItem::insert($rows)
earlier	read in the 11e91c3 round (handoff §7e); file unchanged since	tenant	app/Services/CatalogShareService.php:354	removed	read	items	shop_id	token:other	61feb703a5	\App\Models\Item::withoutTenant()->where('share_token', $token)->exists()
earlier	read in the 11e91c3 round (handoff §7e); file unchanged since	tenant	app/Services/CatalogShareService.php:363	removed	read	public_catalog_collections	shop_id	token:other	46a028c5b4	\App\Models\PublicCatalogCollection::withoutTenant()->where('token', $token)->exists()
ok-record	the snapshot of the invoice being checked, by its own id (reinspected: conservative trust rules)	tenant	app/Services/ComplianceService.php:273	raw	WRITE	invoice_compliance_snapshots	shop_id	key:via>mixed(other,owned,record)	6859b1c905	\Illuminate\Support\Facades\DB::table('invoice_compliance_snapshots')->where('invoice_id', $invoice->id)->update(['split_alert_raised' => \Illuminate\Support\Facades\DB::raw('true'), 'updated_at' => now()])
UNREAD		tenant	app/Services/DashboardMetricsService.php:17	unscoped	read	shops	self:id	key:via>mixed(loop,context)	684ddeb027	\App\Models\Shop::query()->find($shopId)
ok-context	callers: web and mobile dashboards with the user's shop; console WarmShopCache looping over shops	tenant	app/Services/DashboardMetricsService.php:41	raw	read	customers	shop_id	where:via>mixed(loop,context)	cb89720f74	\Illuminate\Support\Facades\DB::table('customers')->where('shop_id', $shopId)->count()
earlier	read in the 11e91c3 round (handoff §7e); file unchanged since	tenant	app/Services/DashboardMetricsService.php:62	embedded	read	items	shop_id	none:-	f1e1324449	\Illuminate\Support\Facades\DB::table('invoice_items')->join('items', 'invoice_items.item_id', '=', 'items.id')->whereIn('invoice_items.invoice_id', $todaysItemIds)->selectRaw('SUM(invoice_items.line_total - items.cost_price) as profit')->value('profit')
trusted	constraint from record	tenant	app/Services/DashboardMetricsService.php:62	raw	read	invoice_items	via:invoices	key:record	04d1b0821e	\Illuminate\Support\Facades\DB::table('invoice_items')->join('items', 'invoice_items.item_id', '=', 'items.id')->whereIn('invoice_items.invoice_id', $todaysItemIds)->selectRaw('SUM(invoice_items.line_total - items.cost_price) as profit')->value('profit')
ok-context	shopId traced: ReportRequest built from the authenticated user's shop, the queued-export payload (set at dispatch from that shop; a mismatched payload writes nothing — QueuedExportIsolationTest), or a console loop over shops	tenant	app/Services/DashboardMetricsService.php:79	embedded	read	invoices	shop_id	where:via>mixed(loop,context)	375d3b765d	\Illuminate\Support\Facades\DB::table('invoice_items')->join('invoices', 'invoices.id', '=', 'invoice_items.invoice_id')->leftJoin('items', fn($j) => $j->on('items.id', '=', 'invoice_items.item_id')->on('items.shop_id', '=', 'invoices.shop_id'))->where('invoices.shop_id', $shopId)->where('invoices.status', \App\Models\Invoice::STATUS_FINALIZED)->where('invoices.created_at', '>=', now()->subDays(6)->startOfDay())->selectRaw('DATE(invoices.created_at) as date, COALESCE(SUM(invoice_items.line_total - COALESCE(items.cost_price, 0)), 0) as profit')->groupByRaw('DATE(invoices.created_at)')->get()->keyBy('date')
ok-join-shop	the join requires the referenced row's shop_id to equal the base row's — an inconsistent stored reference joins nothing, a consistent one joins as before (ReportReferenceIntegrityTest)	tenant	app/Services/DashboardMetricsService.php:79	embedded	read	items	shop_id	frag:shop_id	8992c4db59	\Illuminate\Support\Facades\DB::table('invoice_items')->join('invoices', 'invoices.id', '=', 'invoice_items.invoice_id')->leftJoin('items', fn($j) => $j->on('items.id', '=', 'invoice_items.item_id')->on('items.shop_id', '=', 'invoices.shop_id'))->where('invoices.shop_id', $shopId)->where('invoices.status', \App\Models\Invoice::STATUS_FINALIZED)->where('invoices.created_at', '>=', now()->subDays(6)->startOfDay())->selectRaw('DATE(invoices.created_at) as date, COALESCE(SUM(invoice_items.line_total - COALESCE(items.cost_price, 0)), 0) as profit')->groupByRaw('DATE(invoices.created_at)')->get()->keyBy('date')
ok-context	shopId traced: ReportRequest built from the authenticated user's shop, the queued-export payload (set at dispatch from that shop; a mismatched payload writes nothing — QueuedExportIsolationTest), or a console loop over shops	tenant	app/Services/DashboardMetricsService.php:79	raw	read	invoice_items	via:invoices	where:via>mixed(loop,context)	2d5b4b9873	\Illuminate\Support\Facades\DB::table('invoice_items')->join('invoices', 'invoices.id', '=', 'invoice_items.invoice_id')->leftJoin('items', fn($j) => $j->on('items.id', '=', 'invoice_items.item_id')->on('items.shop_id', '=', 'invoices.shop_id'))->where('invoices.shop_id', $shopId)->where('invoices.status', \App\Models\Invoice::STATUS_FINALIZED)->where('invoices.created_at', '>=', now()->subDays(6)->startOfDay())->selectRaw('DATE(invoices.created_at) as date, COALESCE(SUM(invoice_items.line_total - COALESCE(items.cost_price, 0)), 0) as profit')->groupByRaw('DATE(invoices.created_at)')->get()->keyBy('date')
ok-join-shop	the join requires the referenced row's shop_id to equal the base row's — an inconsistent stored reference joins nothing, a consistent one joins as before (ReportReferenceIntegrityTest)	tenant	app/Services/DashboardMetricsService.php:135	embedded	read	customers	shop_id	frag:shop_id	f7fddd9a08	\Illuminate\Support\Facades\DB::table('invoices')->join('customers', fn($j) => $j->on('customers.id', '=', 'invoices.customer_id')->on('customers.shop_id', '=', 'invoices.shop_id'))->where('invoices.shop_id', $shopId)->where('invoices.status', \App\Models\Invoice::STATUS_FINALIZED)->where('invoices.created_at', '>=', now()->subDays(30)->startOfDay())->groupBy('customers.id', 'customers.first_name', 'customers.last_name', 'customers.mobile')->selectRaw(' customers.id, customers.first_name, customers.last_name, customers.mobile, COUNT(invoices.id) as invoice_count, COALESCE(SUM(invoices.total), 0) as total_spend ')->orderByDesc('total_spend')->orderByDesc('invoice_count')->take(5)->get()
ok-context	shopId traced: ReportRequest built from the authenticated user's shop, the queued-export payload (set at dispatch from that shop; a mismatched payload writes nothing — QueuedExportIsolationTest), or a console loop over shops	tenant	app/Services/DashboardMetricsService.php:135	raw	read	invoices	shop_id	where:via>mixed(loop,context)	908975f929	\Illuminate\Support\Facades\DB::table('invoices')->join('customers', fn($j) => $j->on('customers.id', '=', 'invoices.customer_id')->on('customers.shop_id', '=', 'invoices.shop_id'))->where('invoices.shop_id', $shopId)->where('invoices.status', \App\Models\Invoice::STATUS_FINALIZED)->where('invoices.created_at', '>=', now()->subDays(30)->startOfDay())->groupBy('customers.id', 'customers.first_name', 'customers.last_name', 'customers.mobile')->selectRaw(' customers.id, customers.first_name, customers.last_name, customers.mobile, COUNT(invoices.id) as invoice_count, COALESCE(SUM(invoices.total), 0) as total_spend ')->orderByDesc('total_spend')->orderByDesc('invoice_count')->take(5)->get()
trusted	constraint from record	tenant	app/Services/DhiranService.php:1264	unscoped	read	shops	self:id	key:record	30d6bb1004	\App\Models\Shop::findOrFail($loan->shop_id)
trusted	constraint from via>context	tenant	app/Services/EntityEventService.php:170	removed	read	entity_events	shop_id	where:via>context	bacedd6da6	\App\Models\EntityEvent::withoutTenant()->where('shop_id', $shopId)->where('entity_type', $entityType)->where('entity_id', $entityId)->where('level', '<=', $maxLevel)->orderByDesc('occurred_at')->orderByDesc('id')->paginate($perPage)
ok-self	dedupe for the observed record's own shop and id (reinspected: conservative trust rules)	tenant	app/Services/EntityEventService.php:207	removed	read	entity_events	shop_id	key:via>?	40332ecffc	\App\Models\EntityEvent::withoutTenant()->where('shop_id', $shopId)->where('entity_type', $entityType)->where('entity_id', $entityId)->where('event_type', $eventType)->where('occurred_at', $occurredAt)->exists()
ok-platform	called only by console DetectFraud; cross-shop aggregation by design, flags read only by Admin/FraudFlagController (observation: the full PAN is copied into flag_data)	tenant	app/Services/FraudDetectionService.php:25	raw	read	invoices	shop_id	mention:-	e33beebedf	\Illuminate\Support\Facades\DB::table('invoices')->select('shop_id', \Illuminate\Support\Facades\DB::raw('count(*)::float / 30 as daily_avg'))->where('status', 'finalized')->where('created_at', '>=', now()->subDays(30))->groupBy('shop_id')->having(\Illuminate\Support\Facades\DB::raw('count(*)::float / 30'), '>', 0)->get()->keyBy('shop_id')
ok-platform	called only by console DetectFraud; cross-shop aggregation by design, flags read only by Admin/FraudFlagController (observation: the full PAN is copied into flag_data)	tenant	app/Services/FraudDetectionService.php:35	raw	read	invoices	shop_id	mention:-	b7cf179a00	\Illuminate\Support\Facades\DB::table('invoices')->select('shop_id', \Illuminate\Support\Facades\DB::raw('count(*) as today_count'))->where('status', 'finalized')->whereDate('created_at', today())->groupBy('shop_id')->get()->keyBy('shop_id')
ok-platform	called only by console DetectFraud; cross-shop aggregation by design, flags read only by Admin/FraudFlagController (observation: the full PAN is copied into flag_data)	tenant	app/Services/FraudDetectionService.php:46	unscoped	read	platform_fraud_flags	shop_id	where:?	b37a79888a	\App\Models\Platform\PlatformFraudFlag::where('shop_id', $shopId)->where('flag_type', \App\Models\Platform\PlatformFraudFlag::TYPE_INVOICE_SPIKE)->whereRaw('reviewed IS FALSE')->whereDate('created_at', today())->exists()
ok-platform	called only by console DetectFraud; cross-shop aggregation by design, flags read only by Admin/FraudFlagController (observation: the full PAN is copied into flag_data)	tenant	app/Services/FraudDetectionService.php:52	unscoped	WRITE	platform_fraud_flags	shop_id	insert:?	7b1a89f338	\App\Models\Platform\PlatformFraudFlag::create(['shop_id' => $shopId, 'flag_type' => \App\Models\Platform\PlatformFraudFlag::TYPE_INVOICE_SPIKE, 'flag_data' => ['today_count' => $today->today_count, 'daily_avg' => round($avg, 2)]])
ok-platform	called only by console DetectFraud; cross-shop aggregation by design, flags read only by Admin/FraudFlagController (observation: the full PAN is copied into flag_data)	tenant	app/Services/FraudDetectionService.php:72	raw	read	customers	shop_id	mention:-	4f8c276762	\Illuminate\Support\Facades\DB::table('customers')->select('shop_id', \Illuminate\Support\Facades\DB::raw('count(*) as count'))->whereDate('created_at', today())->groupBy('shop_id')->having(\Illuminate\Support\Facades\DB::raw('count(*)'), '>', 50)->get()
ok-platform	console DetectFraud only; flags per shop by design (reinspected: conservative trust rules)	tenant	app/Services/FraudDetectionService.php:80	unscoped	read	platform_fraud_flags	shop_id	where:record?	cbf3c6740c	\App\Models\Platform\PlatformFraudFlag::where('shop_id', $row->shop_id)->where('flag_type', \App\Models\Platform\PlatformFraudFlag::TYPE_BULK_CUSTOMERS)->whereRaw('reviewed IS FALSE')->whereDate('created_at', today())->exists()
ok-platform	console DetectFraud only; flags per shop by design (reinspected: conservative trust rules)	tenant	app/Services/FraudDetectionService.php:86	unscoped	WRITE	platform_fraud_flags	shop_id	insert:record?	51ffd335a3	\App\Models\Platform\PlatformFraudFlag::create(['shop_id' => $row->shop_id, 'flag_type' => \App\Models\Platform\PlatformFraudFlag::TYPE_BULK_CUSTOMERS, 'flag_data' => ['customer_count_today' => $row->count]])
ok-platform	called only by console DetectFraud; cross-shop aggregation by design, flags read only by Admin/FraudFlagController (observation: the full PAN is copied into flag_data)	tenant	app/Services/FraudDetectionService.php:106	raw	read	customers	shop_id	mention:-	7d9ba325f8	\Illuminate\Support\Facades\DB::table('customers')->select('pan', \Illuminate\Support\Facades\DB::raw('count(distinct shop_id) as shop_count'), \Illuminate\Support\Facades\DB::raw('array_agg(distinct shop_id) as shop_ids'))->whereNotNull('pan')->where('pan', '!=', '')->groupBy('pan')->having(\Illuminate\Support\Facades\DB::raw('count(distinct shop_id)'), '>', 1)->limit(100)->get()
ok-platform	called only by console DetectFraud; cross-shop aggregation by design, flags read only by Admin/FraudFlagController (observation: the full PAN is copied into flag_data)	tenant	app/Services/FraudDetectionService.php:118	unscoped	read	platform_fraud_flags	shop_id	where:loop	eabeefeb0e	\App\Models\Platform\PlatformFraudFlag::where('shop_id', $shopId)->where('flag_type', \App\Models\Platform\PlatformFraudFlag::TYPE_CROSS_TENANT_PAN)->whereRaw('reviewed IS FALSE')->where('flag_data->pan', $row->pan)->exists()
ok-platform	called only by console DetectFraud; cross-shop aggregation by design, flags read only by Admin/FraudFlagController (observation: the full PAN is copied into flag_data)	tenant	app/Services/FraudDetectionService.php:124	unscoped	WRITE	platform_fraud_flags	shop_id	insert:loop	74e98b4032	\App\Models\Platform\PlatformFraudFlag::create(['shop_id' => $shopId, 'flag_type' => \App\Models\Platform\PlatformFraudFlag::TYPE_CROSS_TENANT_PAN, 'flag_data' => ['pan' => $row->pan, 'shop_count' => $row->shop_count, 'all_shop_ids' => $shopIds]])
UNREAD		tenant	app/Services/GstRateResolver.php:19	unscoped	read	shops	self:id	key:via>unowned	aae9500a8f	\App\Models\Shop::find((int) $shop)
trusted	constraint from via>mixed(context,record)	tenant	app/Services/Historical/HistoricalCustomerMatcher.php:40	removed	read	customers	shop_id	where:via>mixed(context,record)	7055139cf0	\App\Models\Customer::withoutTenant()->active()->where('shop_id', $shopId)
trusted	constraint from via>mixed(context,record)	tenant	app/Services/Historical/HistoricalCustomerMatcher.php:75	removed	read	customers	shop_id	where:via>mixed(context,record)	0b007927d5	\App\Models\Customer::withoutTenant()->active()->where('shop_id', $shopId)->whereRaw('UPPER(TRIM(gstin)) = ?', [$normalized])->get()
trusted	constraint from via>mixed(context,record)	tenant	app/Services/Historical/HistoricalCustomerMatcher.php:99	removed	read	customers	shop_id	where:via>mixed(context,record)	e73223b6df	\App\Models\Customer::withoutTenant()->active()->where('shop_id', $shopId)->whereRaw("UPPER(TRIM(CONCAT_WS(' ', first_name, last_name))) = ?", [$normalized])->limit(self::NAME_LIMIT)->get()
ok-record	looks the requested customer up inside the bound document's own shop (reinspected: conservative trust rules)	tenant	app/Services/Historical/HistoricalDocumentLifecycleService.php:280	removed	read	customers	shop_id	key:via>mixed(REQUEST,record?)	97e7d41997	\App\Models\Customer::withoutTenant()->where('shop_id', $document->shop_id)->find($customerId)
earlier	read in the 11e91c3 round (handoff §7e); file unchanged since	tenant	app/Services/Historical/HistoricalImportService.php:601	removed	read	shop_payment_methods	shop_id	key:loop	2826efbab8	\App\Models\ShopPaymentMethod::withoutTenant()->find($payment['shop_payment_method_id'])
trusted	constraint from via>context	tenant	app/Services/Historical/HistoricalImportService.php:1087	removed	read	customers	shop_id	where:via>context	8025c7734e	\App\Models\Customer::withoutTenant()->where('shop_id', $shopId)->archived()
ok-record	the document's own shop and customer (reinspected: conservative trust rules)	tenant	app/Services/Historical/HistoricalOpeningBalanceEvaluator.php:38	removed	read	customer_opening_balances	shop_id	key:via>mixed(other,property,mixed(param:document,property),record,loop,?)	1f5de5e9be	\App\Models\CustomerOpeningBalance::withoutTenant()->where('shop_id', $document->shop_id)->where('customer_id', $document->customer_id)->where('direction', \App\Models\CustomerOpeningBalance::DIRECTION_RECEIVABLE)->max('as_of_date')
trusted	constraint from via>record	tenant	app/Services/InvoiceAccountingService.php:359	raw	WRITE	invoices	shop_id	key:via>record	46c900bbf7	\Illuminate\Support\Facades\DB::table('invoices')->where('id', $invoice->id)->update(['status' => \App\Models\Invoice::STATUS_CANCELLED, 'cancelled_at' => now(), 'cancelled_by' => auth()->id(), 'cancellation_reason' => $reason, 'reversed_by_invoice_id' => $reversal->id, 'updated_at' => now()])
trusted	constraint from via>record	tenant	app/Services/InvoiceAccountingService.php:377	raw	read	invoices	shop_id	key:via>record	59946b9a80	\Illuminate\Support\Facades\DB::table('invoices')->where('id', $invoice->id)->first()
ok-record	financial lock of the invoice's own shop (reinspected: conservative trust rules)	tenant	app/Services/InvoiceAccountingService.php:398	raw	read	shop_rules	shop_id	where:via>mixed(other,owned,record)	a1c82c8a31	\Illuminate\Support\Facades\DB::table('shop_rules')->where('shop_id', $invoice->shop_id)->value('financial_lock_date')
ok-context	createFinalized() callers (web and mobile RepairController) pass auth()->user()->shop_id	tenant	app/Services/InvoiceAccountingService.php:413	raw	read	shop_rules	shop_id	where:via>mixed(record,?,owned,other,context)	98bfae670c	\Illuminate\Support\Facades\DB::table('shop_rules')->where('shop_id', $shopId)->value('financial_lock_date')
trusted	constraint from via>record	tenant	app/Services/InvoiceSignatureRenderer.php:113	removed	read	invoice_render_snapshots	shop_id	key:via>record	fbaf585c25	\App\Models\InvoiceRenderSnapshot::withoutTenant()->where('invoice_id', $invoice->id)->value('snapshot')
trusted	constraint from via>mixed(record,owned)	tenant	app/Services/InvoiceSignatureRenderer.php:213	removed	read	shop_billing_settings	shop_id	where:via>mixed(record,owned)	caf4e28da8	\App\Models\ShopBillingSettings::withoutTenant()->where('shop_id', $shopId)->first()
UNREAD		tenant	app/Services/ItemManufacturingService.php:25	unscoped	read	shops	self:id	key:via>mixed(unowned,context)	e6e0a82c3c	\App\Models\Shop::whereKey($shopId)->value('shop_type')
ok-context	financial lock of the caller's shop (reinspected: conservative trust rules)	tenant	app/Services/ItemManufacturingService.php:154	raw	read	shop_rules	shop_id	where:via>mixed(unowned,context)	f0f544237e	\Illuminate\Support\Facades\DB::table('shop_rules')->where('shop_id', $shopId)->value('financial_lock_date')
UNREAD		tenant	app/Services/LoyaltyService.php:18	unscoped	read	shops	self:id	key:via>mixed(other,?)	dc269369cb	\App\Models\Shop::find($shopId)
ok-context	callers: the user's shop, IsEnabledMetal (constructed in StoreItemRequest with the request user's shop), record shops	tenant	app/Services/MetalRegistry.php:471	raw	read	shop_enabled_metals	shop_id	where:via>mixed(property,context,?,record?,record)	e92ac8f517	\Illuminate\Support\Facades\DB::table('shop_enabled_metals')->where('shop_id', $shopId)->whereRaw('enabled IS TRUE')->pluck('metal_type')->all()
UNREAD		tenant	app/Services/Mobile/MobileSessionSeatService.php:67	raw	WRITE	sessions	convention:user_id	key:via>unowned	1acbaa823e	\Illuminate\Support\Facades\DB::table('sessions')->where('user_id', $user->id)->delete()
earlier	read in the 11e91c3 round (handoff §7e); file unchanged since	tenant	app/Services/Mobile/MobileSessionSeatService.php:74	raw	WRITE	personal_access_tokens	via:mobile_device_sessions	none:-	2c98dc567d	\Illuminate\Support\Facades\DB::table('personal_access_tokens')->where('tokenable_type', \App\Models\User::class)->where('name', self::TOKEN_NAME)->whereRaw('COALESCE(last_used_at, created_at) < ?', [$this->activeWindowStart()])->delete()
ok-self	the user's own tokens (tokenable_id = users.id of the shop being counted)	tenant	app/Services/Mobile/MobileSessionSeatService.php:83	embedded	read	personal_access_tokens	via:mobile_device_sessions	mention:-	95c0f1c31b	\Illuminate\Support\Facades\DB::table('users')->join('roles', 'roles.id', '=', 'users.role_id')->join('personal_access_tokens', function ($join): void { $join->on('personal_access_tokens.tokenable_id', '=', 'users.id')->where('personal_access_tokens.tokenable_type', \App\Models\User::class)->where('personal_access_tokens.name', self::TOKEN_NAME); })->where('users.shop_id', $shop->id)->where('roles.name', '!=', 'owner')->whereRaw('COALESCE(personal_access_tokens.last_used_at, personal_access_tokens.created_at) >= ?', [$this->activeWindowStart()])
ok-fk-join	role name only, to exclude owners from seat counts; users.role_id is written with exists+shop (StaffController) or an explicit same-shop check (Admin/UserManagementController) — no data of the joined row leaves the query	tenant	app/Services/Mobile/MobileSessionSeatService.php:83	embedded	read	roles	shop_id	mention:-	56e0940e1f	\Illuminate\Support\Facades\DB::table('users')->join('roles', 'roles.id', '=', 'users.role_id')->join('personal_access_tokens', function ($join): void { $join->on('personal_access_tokens.tokenable_id', '=', 'users.id')->where('personal_access_tokens.tokenable_type', \App\Models\User::class)->where('personal_access_tokens.name', self::TOKEN_NAME); })->where('users.shop_id', $shop->id)->where('roles.name', '!=', 'owner')->whereRaw('COALESCE(personal_access_tokens.last_used_at, personal_access_tokens.created_at) >= ?', [$this->activeWindowStart()])
ok-self	seats of the password-authenticated user's own shop; its own role (reinspected: conservative trust rules)	tenant	app/Services/Mobile/MobileSessionSeatService.php:83	raw	read	users	shop_id	where:via>record?	bc81182cb9	\Illuminate\Support\Facades\DB::table('users')->join('roles', 'roles.id', '=', 'users.role_id')->join('personal_access_tokens', function ($join): void { $join->on('personal_access_tokens.tokenable_id', '=', 'users.id')->where('personal_access_tokens.tokenable_type', \App\Models\User::class)->where('personal_access_tokens.name', self::TOKEN_NAME); })->where('users.shop_id', $shop->id)->where('roles.name', '!=', 'owner')->whereRaw('COALESCE(personal_access_tokens.last_used_at, personal_access_tokens.created_at) >= ?', [$this->activeWindowStart()])
ok-self	seats of the password-authenticated user's own shop; its own role (reinspected: conservative trust rules)	tenant	app/Services/Mobile/MobileSessionSeatService.php:102	raw	read	roles	shop_id	key:via>unowned	c9f8315bd4	\Illuminate\Support\Facades\DB::table('roles')->where('id', $user->role_id)->where('name', 'owner')->exists()
ok-record	SendPushNotificationJob's shopId is set by PushNotificationService::send callers from the record's shop	tenant	app/Services/Mobile/PushNotificationService.php:49	removed	read	mobile_device_sessions	shop_id	where:via>property	5f22a116e1	\App\Models\MobileDeviceSession::withoutTenant()->where('shop_id', $shopId)->pushable()->when($userIds !== null, fn($q) => $q->whereIn('user_id', $userIds))->pluck('push_token')->unique()->values()
ok-self	owners and dedupe for the observed sale's own shop and id (reinspected: conservative trust rules)	tenant	app/Services/Mobile/SaleNotificationService.php:39	removed	read	shop_notifications	shop_id	key:via>?	2e859fc863	\App\Models\ShopNotification::withoutTenant()->where('invoice_id', $invoiceId)->where('invoice_type', $invoiceType)->exists()
ok-self	owners and dedupe for the observed sale's own shop and id (reinspected: conservative trust rules)	tenant	app/Services/Mobile/SaleNotificationService.php:50	unscoped	read	users	shop_id	where:via>?	4d0df19212	\App\Models\User::query()->where('shop_id', $shopId)->whereRaw('users.is_active IS TRUE')->whereHas('role', fn($q) => $q->where('name', 'owner'))->get()
trusted	constraint from via>context	tenant	app/Services/Mobile/UploadIntentService.php:75	unscoped	WRITE	pending_uploads	shop_id	insert:via>context	5a21a654ac	\App\Models\PendingUpload::create(['shop_id' => $shopId, 'user_id' => $userId, 'kind' => $kind, 'content_type' => $contentType, 'declared_size_bytes' => $sizeBytes, 'upload_token' => \Illuminate\Support\Str::random(48), 'status' => 'pending', 'expires_at' => now()->addMinutes(15)])
trusted	constraint from record	tenant	app/Services/OldMetalWeeklyLotService.php:64	raw	WRITE	metal_lots	shop_id	key:record	dc9867cb24	\Illuminate\Support\Facades\DB::table('metal_lots')->where('id', $lot->id)->update(['fine_weight_total' => \Illuminate\Support\Facades\DB::raw('fine_weight_total + ' . $fineWeight), 'fine_weight_remaining' => \Illuminate\Support\Facades\DB::raw('fine_weight_remaining + ' . $fineWeight), 'cost_per_fine_gram' => $newCost, 'updated_at' => now()])
ok-context	the onboarding shop (the caller's); the karigar id is looked up inside it (reinspected: conservative trust rules)	tenant	app/Services/OnboardingPostingService.php:176	removed	read	karigars	shop_id	key:via>other	cf0ba813e6	\App\Models\Karigar::withoutTenant()->where('shop_id', $shopId)->whereKey($karigarId)->first()
ok-self	the user's own unbound subscription (reinspected: conservative trust rules)	tenant	app/Services/OnboardingResumeService.php:73	unscoped	read	shop_subscriptions	shop_id	key:via>mixed(context,other)	69527733f6	\App\Models\Platform\ShopSubscription::query()->whereNull('shop_id')->where('user_id', $user->id)->whereIn('status', ['active', 'trial'])->latest('id')->first()
latent	overrideStats() has no caller; filters by its shopId parameter	tenant	app/Services/OrchestrationEventService.php:61	removed	read	orchestration_events	shop_id	where:via>?	0ebd32942c	\App\Models\OrchestrationEvent::withoutTenant()->where('shop_id', $shopId)->where('prompt_type', $promptType)->count()
latent	overrideStats() has no caller; filters by its shopId parameter	tenant	app/Services/OrchestrationEventService.php:66	removed	read	orchestration_events	shop_id	where:via>?	942b8c9d7f	\App\Models\OrchestrationEvent::withoutTenant()->where('shop_id', $shopId)->where('prompt_type', $promptType)->where('was_overridden', true)->count()
latent	weeklyOverrideReport() has no caller; filters by its shopId parameter	tenant	app/Services/OrchestrationEventService.php:88	removed	read	orchestration_events	shop_id	where:via>?	a432684f72	\App\Models\OrchestrationEvent::withoutTenant()->selectRaw('prompt_type, COUNT(*) as total, SUM(CASE WHEN was_overridden THEN 1 ELSE 0 END) as overridden')->where('shop_id', $shopId)->whereBetween('created_at', [$weekStart->startOfDay(), $weekEnd->endOfDay()])->groupBy('prompt_type')->orderBy('prompt_type')->get()
UNREAD		tenant	app/Services/OtpService.php:30	unscoped	WRITE	otps	convention:mobile	none:-	9ec99b8328	\App\Models\Otp::forMobile($mobile)->where('purpose', $purpose)->delete()
UNREAD		tenant	app/Services/OtpService.php:39	unscoped	WRITE	otps	convention:mobile	none:-	c2c21f8510	\App\Models\Otp::create(['mobile_number' => $mobile, 'otp_code' => $otp, 'purpose' => $purpose, 'expires_at' => $expiresAt, 'attempts' => 0, 'resend_count' => 0, 'last_sent_at' => now()])
UNREAD		tenant	app/Services/OtpService.php:75	unscoped	read	otps	convention:mobile	token:via>mixed(context,REQUEST)	0e571f81e5	\App\Models\Otp::forMobile($mobile)->where('purpose', $purpose)->valid()->where('otp_code', $otp)->first()
UNREAD		tenant	app/Services/OtpService.php:83	unscoped	read	otps	convention:mobile	token:via>mixed(context,REQUEST)	e5be83b5ce	\App\Models\Otp::forMobile($mobile)->where('purpose', $purpose)->where('otp_code', $otp)->first()
UNREAD		tenant	app/Services/OtpService.php:99	unscoped	read	otps	convention:mobile	none:-	1821e0a968	\App\Models\Otp::forMobile($mobile)->where('purpose', $purpose)->first()
UNREAD		tenant	app/Services/OtpService.php:146	unscoped	read	otps	convention:mobile	none:-	282f7a67b2	\App\Models\Otp::forMobile($mobile)->where('purpose', $purpose)->valid()->exists()
UNREAD		tenant	app/Services/OtpService.php:154	unscoped	read	otps	convention:mobile	none:-	a8decf201d	\App\Models\Otp::forMobile($mobile)->where('purpose', $purpose)->valid()->first()
UNREAD		tenant	app/Services/PlatformAlertService.php:35	unscoped	read	platform_audit_logs	convention:target	none:-	0104263bd3	\App\Models\Platform\PlatformAuditLog::where('action', 'platform_admin.login_failed')->where('created_at', '>=', now()->subHour())->count()
UNREAD		tenant	app/Services/PlatformAlertService.php:54	raw	read	failed_jobs	convention:payload	none:-	c175fbdf27	\Illuminate\Support\Facades\DB::table('failed_jobs')->where('failed_at', '>=', now()->subHour())->count()
ok-platform	called only by console EvaluatePlatformAlerts	tenant	app/Services/PlatformAlertService.php:73	raw	read	shop_subscriptions	shop_id	colEq:-	4f86194bdf	\Illuminate\Support\Facades\DB::table('shop_subscriptions')->where('status', 'expired')->where('ends_at', '<=', now()->subDay())->whereNotExists(function ($q) { $q->select(\Illuminate\Support\Facades\DB::raw(1))->from('shop_subscriptions as newer')->whereColumn('newer.shop_id', 'shop_subscriptions.shop_id')->where('newer.status', 'active'); })->count()
ok-platform	called only by console EvaluatePlatformAlerts	tenant	app/Services/PlatformAlertService.php:77	embedded	read	shop_subscriptions	shop_id	frag:shop_id	36cf02a3a3	$q->select(\Illuminate\Support\Facades\DB::raw(1))->from('shop_subscriptions as newer')->whereColumn('newer.shop_id', 'shop_subscriptions.shop_id')->where('newer.status', 'active')
UNREAD		tenant	app/Services/PlatformAlertService.php:103	raw	read	razorpay_webhooks	?	none:-	c596af9a7b	\Illuminate\Support\Facades\DB::table('razorpay_webhooks')->where('created_at', '>=', now()->subHour())->count()
UNREAD		tenant	app/Services/PlatformAlertService.php:111	raw	read	razorpay_webhooks	?	none:-	35a461e9b9	\Illuminate\Support\Facades\DB::table('razorpay_webhooks')->where('created_at', '>=', now()->subHour())->whereRaw('processed IS FALSE')->count()
UNREAD		tenant	app/Services/PlatformAuditService.php:26	unscoped	WRITE	platform_audit_logs	convention:target	none:-	56727044e8	\App\Models\Platform\PlatformAuditLog::create(['actor_admin_id' => $actorId, 'action' => $action, 'target_type' => $targetType, 'target_id' => (int) ($targetId ?? 0), 'before' => $before, 'after' => $after, 'reason' => $reason, 'ip' => $request?->ip(), 'user_agent' => $request?->userAgent(), 'created_at' => now()])
global	no tenant table: platform_admins — platform staff	tenant	app/Services/PlatformAuditService.php:42	unscoped	read	platform_admins	-	none:-	6c05666b91	\App\Models\Platform\PlatformAdmin::query()->where('mobile_number', $mobileNumber)->value('id')
UNREAD		tenant	app/Services/PlatformAuditService.php:50	unscoped	WRITE	platform_audit_logs	convention:target	none:-	948a5afbc4	\App\Models\Platform\PlatformAuditLog::create(['actor_admin_id' => $actorId, 'action' => 'platform_admin.login_failed', 'target_type' => \App\Models\Platform\PlatformAdmin::class, 'target_id' => (int) ($targetAdminId ?: $actorId), 'before' => null, 'after' => ['mobile_number' => $mobileNumber, 'reason' => $reason], 'reason' => $reason, 'ip' => $request?->ip(), 'user_agent' => $request?->userAgent(), 'created_at' => now()])
global	no tenant table: platform_admins — platform staff	tenant	app/Services/PlatformAuditService.php:66	unscoped	read	platform_admins	-	none:-	7c1399fb16	\App\Models\Platform\PlatformAdmin::query()->where('role', 'super_admin')->orderBy('id')->value('id')
ok-platform	platform invoice for the subscription being billed (reinspected: conservative trust rules)	tenant	app/Services/PlatformInvoiceService.php:39	unscoped	WRITE	platform_invoices	shop_id	insert:via>unowned	13cebdff53	\App\Models\Platform\PlatformInvoice::create(['shop_id' => $subscription->shop_id, 'shop_subscription_id' => $subscription->id, 'plan_id' => $subscription->plan_id, 'invoice_number' => $identity['number'], 'invoice_sequence' => $identity['sequence'], 'billing_cycle' => $subscription->billing_cycle ?? 'monthly', 'billing_period_start' => $subscription->starts_at, 'billing_period_end' => $subscription->ends_at ?? (($subscription->billing_cycle ?? 'monthly') === 'yearly' ? \Carbon\Carbon::parse($subscription->starts_at)->addYear() : \Carbon\Carbon::parse($subscription->starts_at)->addMonth()), 'amount_before_tax' => $amountBeforeTax, 'gst_rate' => $gstRate, 'gst_amount' => $gstAmount, 'total_amount' => $totalPaid, 'razorpay_payment_id' => $subscription->razorpay_payment_id, 'razorpay_order_id' => $subscription->razorpay_order_id, 'payment_method' => $paymentMethod, 'status' => 'issued', 'issued_at' => now(), 'created_by_admin_id' => $createdByAdminId, 'notes' => $notes])
UNREAD		tenant	app/Services/PlatformSecurityService.php:15	unscoped	read	platform_audit_logs	convention:target	none:-	5cf97aced8	\App\Models\Platform\PlatformAuditLog::query()->where('action', 'platform_admin.login_failed')->where('created_at', '>=', $since)->count()
UNREAD		tenant	app/Services/PlatformSecurityService.php:20	unscoped	read	platform_audit_logs	convention:target	none:-	ecb1b43c37	\App\Models\Platform\PlatformAuditLog::query()->where('action', 'platform_admin.password_reset')->where('created_at', '>=', $since)->count()
UNREAD		tenant	app/Services/PlatformSecurityService.php:25	unscoped	read	platform_audit_logs	convention:target	none:-	46e2507b4a	\App\Models\Platform\PlatformAuditLog::query()->where('action', 'subscription.write_blocked')->where('created_at', '>=', $since)->count()
UNREAD		tenant	app/Services/PlatformSecurityService.php:30	unscoped	read	platform_audit_logs	convention:target	none:-	0911d06e16	\App\Models\Platform\PlatformAuditLog::query()->whereIn('action', ['platform_admin.role_change_blocked', 'platform_admin.status_change_blocked', 'platform_admin.delete_blocked'])->where('created_at', '>=', $since)->latest('id')->take(20)->get()
earlier	read in the 11e91c3 round (handoff §7e); file unchanged since	tenant	app/Services/PlatformSecurityService.php:41	unscoped	read	platform_impersonation_sessions	shop_id	none:-	015379388c	\App\Models\Platform\PlatformImpersonationSession::query()->latest('started_at')->take(10)->get()
UNREAD		tenant	app/Services/PlatformSecurityService.php:46	unscoped	read	platform_audit_logs	convention:target	none:-	2f861237dc	\App\Models\Platform\PlatformAuditLog::query()->latest('id')->take(25)->get()
UNREAD		tenant	app/Services/PricingEngine.php:578	unscoped	read	shops	self:id	key:via>?	ba2a9ce854	\App\Models\Shop::find($shopId)
trusted	constraint from via>context	tenant	app/Services/ReferencePriceService.php:70	removed	read	shop_metal_reference_prices	shop_id	where:via>context	2bbe9cc2bc	\App\Models\ShopMetalReferencePrice::withoutTenant()->where('shop_id', $shopId)->where('metal_type', $metalType)->orderByDesc('noted_at')->orderByDesc('id')->first()
ok-context	callers: the user's shop, or a console loop over shops	tenant	app/Services/ReorderAlertService.php:21	removed	read	reorder_rules	shop_id	where:via>mixed(context,loop)	dd14052489	\App\Models\ReorderRule::withoutTenant()->where('shop_id', $shopId)->with('vendor')->active()->get()
ok-self	the export's own requester and row (S3-17 delivery) (reinspected: conservative trust rules)	tenant	app/Services/Reporting/ExportAuditService.php:87	removed	read	users	shop_id	key:via>mixed(unowned,owned,other)	613d12f886	\App\Models\User::withoutGlobalScopes()->find($export->user_id)
ok-self	the export's own requester and row (S3-17 delivery) (reinspected: conservative trust rules)	tenant	app/Services/Reporting/ExportAuditService.php:98	removed	read	report_exports	shop_id	key:via>mixed(unowned,owned,other)	d60c452b18	\App\Models\Reporting\ReportExport::withoutGlobalScopes()->lockForUpdate()->findOrFail($export->id)
trusted	constraint from via>context	tenant	app/Services/Reporting/FilterControlResolver.php:156	raw	read	cash_transactions	shop_id	where:via>context	6f69e8a1e2	\Illuminate\Support\Facades\DB::table('cash_transactions')->where('shop_id', $shopId)->whereNotNull('source_type')->distinct()->orderBy('source_type')->pluck('source_type')->map(fn($s) => ['value' => (string) $s, 'label' => \Illuminate\Support\Str::headline(str_replace('_', ' ', (string) $s))])->values()->all()
trusted	constraint from via>context	tenant	app/Services/Reporting/FilterControlResolver.php:170	unscoped	read	users	shop_id	where:via>context	f502b5b5ae	\App\Models\User::where('shop_id', $shopId)->orderBy('name')->get(['id', 'name'])->map(fn($u) => ['value' => (string) $u->id, 'label' => (string) $u->name])->values()->all()
ok-context	the dataset's ReportRequest shop (see reporting note)	tenant	app/Services/Reporting/Reports/CustomersDataset.php:109	raw	read	customer_gold_transactions	shop_id	where:via>mixed(property,context)	ac2656a650	\Illuminate\Support\Facades\DB::table('customer_gold_transactions')->where('shop_id', $shopId)->selectRaw('customer_id, COALESCE(SUM(fine_gold), 0) as balance')->groupBy('customer_id')->pluck('balance', 'customer_id')
ok-join-shop	the join requires the referenced row's shop_id to equal the base row's — an inconsistent stored reference joins nothing, a consistent one joins as before (ReportReferenceIntegrityTest)	tenant	app/Services/RetailerReportService.php:105	embedded	read	items	shop_id	frag:shop_id	fd01cacd8e	\App\Models\InvoiceItem::join('invoices', 'invoices.id', '=', 'invoice_items.invoice_id')->join('items', fn($j) => $j->on('items.id', '=', 'invoice_items.item_id')->on('items.shop_id', '=', 'invoices.shop_id'))->where('invoices.shop_id', $shopId)->where('invoices.created_at', '>=', $since)->select('items.category', \Illuminate\Support\Facades\DB::raw('COUNT(*) as sold_count'), \Illuminate\Support\Facades\DB::raw('SUM(invoice_items.line_total) as total_revenue'))->groupBy('items.category')->orderByDesc('sold_count')->limit($limit)->get()->toArray()
trusted	constraint from context	tenant	app/Services/RetailerReportService.php:105	unscoped	read	invoice_items	via:invoices	where:context	8e0c3b46c2	\App\Models\InvoiceItem::join('invoices', 'invoices.id', '=', 'invoice_items.invoice_id')->join('items', fn($j) => $j->on('items.id', '=', 'invoice_items.item_id')->on('items.shop_id', '=', 'invoices.shop_id'))->where('invoices.shop_id', $shopId)->where('invoices.created_at', '>=', $since)->select('items.category', \Illuminate\Support\Facades\DB::raw('COUNT(*) as sold_count'), \Illuminate\Support\Facades\DB::raw('SUM(invoice_items.line_total) as total_revenue'))->groupBy('items.category')->orderByDesc('sold_count')->limit($limit)->get()->toArray()
ok-join-shop	the join requires the referenced row's shop_id to equal the base row's — an inconsistent stored reference joins nothing, a consistent one joins as before (ReportReferenceIntegrityTest)	tenant	app/Services/RetailerReportService.php:116	embedded	read	items	shop_id	frag:shop_id	b21f1210f6	\App\Models\InvoiceItem::join('invoices', 'invoices.id', '=', 'invoice_items.invoice_id')->join('items', fn($j) => $j->on('items.id', '=', 'invoice_items.item_id')->on('items.shop_id', '=', 'invoices.shop_id'))->where('invoices.shop_id', $shopId)->where('invoices.created_at', '>=', $since)->select('items.category', 'items.sub_category', \Illuminate\Support\Facades\DB::raw('COUNT(*) as sold_count'), \Illuminate\Support\Facades\DB::raw('SUM(invoice_items.line_total) as total_revenue'))->groupBy('items.category', 'items.sub_category')->orderByDesc('sold_count')->limit($limit)->get()->toArray()
trusted	constraint from context	tenant	app/Services/RetailerReportService.php:116	unscoped	read	invoice_items	via:invoices	where:context	07fc7431eb	\App\Models\InvoiceItem::join('invoices', 'invoices.id', '=', 'invoice_items.invoice_id')->join('items', fn($j) => $j->on('items.id', '=', 'invoice_items.item_id')->on('items.shop_id', '=', 'invoices.shop_id'))->where('invoices.shop_id', $shopId)->where('invoices.created_at', '>=', $since)->select('items.category', 'items.sub_category', \Illuminate\Support\Facades\DB::raw('COUNT(*) as sold_count'), \Illuminate\Support\Facades\DB::raw('SUM(invoice_items.line_total) as total_revenue'))->groupBy('items.category', 'items.sub_category')->orderByDesc('sold_count')->limit($limit)->get()->toArray()
ok-join-shop	the join requires the referenced row's shop_id to equal the base row's — an inconsistent stored reference joins nothing, a consistent one joins as before (ReportReferenceIntegrityTest)	tenant	app/Services/RetailerReportService.php:145	embedded	read	items	shop_id	frag:shop_id	912859d41c	\App\Models\InvoiceItem::join('invoices', 'invoices.id', '=', 'invoice_items.invoice_id')->join('items', fn($j) => $j->on('items.id', '=', 'invoice_items.item_id')->on('items.shop_id', '=', 'invoices.shop_id'))->where('invoices.shop_id', $shopId)->where('invoices.created_at', '>=', $since)->select('items.category', \Illuminate\Support\Facades\DB::raw('COUNT(*) as sold_count'), \Illuminate\Support\Facades\DB::raw('SUM(invoice_items.line_total) as total_revenue'))->groupBy('items.category')->orderBy('sold_count')->limit($limit)->get()->toArray()
trusted	constraint from context	tenant	app/Services/RetailerReportService.php:145	unscoped	read	invoice_items	via:invoices	where:context	88c47eed85	\App\Models\InvoiceItem::join('invoices', 'invoices.id', '=', 'invoice_items.invoice_id')->join('items', fn($j) => $j->on('items.id', '=', 'invoice_items.item_id')->on('items.shop_id', '=', 'invoices.shop_id'))->where('invoices.shop_id', $shopId)->where('invoices.created_at', '>=', $since)->select('items.category', \Illuminate\Support\Facades\DB::raw('COUNT(*) as sold_count'), \Illuminate\Support\Facades\DB::raw('SUM(invoice_items.line_total) as total_revenue'))->groupBy('items.category')->orderBy('sold_count')->limit($limit)->get()->toArray()
earlier	read in the 11e91c3 round (handoff §7e); file unchanged since	tenant	app/Services/RetailerSalesService.php:138	unscoped	WRITE	invoice_items	via:invoices	none:-	2bb83432b1	\App\Models\InvoiceItem::record([ 'invoice_id' => $invoice->id, 'item_id' => $item->id, 'weight' => $item->net_metal_weight, 'rate' => $item->selling_price, 'making_charges' => $item->making_charges ?? 0, // MC-3: snapshot the item's making mode (resolved at item // registration for retail; NULL ⇒ fixed for legacy items). 'making_charge_type' => $item->making_charge_type ?? null, 'making_charge_value' => $item->making_charge_value ?? null, 'stone_amount' => $item->stone_charges ?? 0, // Hallmark is already inside selling_price (line_total); snapshot it // separately so the return policy can retain it (parity with making/stone). 'hallmark_charges' => $item->hallmark_charges ?? 0, 'line_total' => $item->selling_price, 'gst_rate' => $gstRate, 'gst_amount' => $apportioned[$item->id] ?? 0, // Line's share of the invoice-level discount, so returns // refund the net (paid) amount, not the gross line_total. 'allocated_discount' => $apportionedDiscount[$item->id] ?? 0, ])
earlier	read in the 11e91c3 round (handoff §7e); file unchanged since	tenant	app/Services/RetailerSalesService.php:503	unscoped	WRITE	invoice_items	via:invoices	none:-	9beb8ef770	\App\Models\InvoiceItem::record([ 'invoice_id' => $invoice->id, 'item_id' => $item->id, 'weight' => $item->net_metal_weight, 'rate' => $item->selling_price, 'making_charges' => $item->making_charges ?? 0, // MC-3: snapshot the item's making mode (resolved at item // registration for retail; NULL ⇒ fixed for legacy items). 'making_charge_type' => $item->making_charge_type ?? null, 'making_charge_value' => $item->making_charge_value ?? null, 'stone_amount' => $item->stone_charges ?? 0, // Hallmark is already inside selling_price (line_total); snapshot it // separately so the return policy can retain it (parity with making/stone). 'hallmark_charges' => $item->hallmark_charges ?? 0, 'line_total' => $item->selling_price, 'gst_rate' => $gstRate, 'gst_amount' => $apportionedEmi[$item->id] ?? 0, ])
trusted	constraint from via>context	tenant	app/Services/Returns/ExchangeService.php:79	unscoped	read	users	shop_id	key:via>context	657f295678	\App\Models\User::find($userId)
ok-self	the return order created or passed in this flow, by its own id (reinspected: conservative trust rules)	tenant	app/Services/Returns/ExchangeService.php:139	raw	WRITE	return_orders	shop_id	key:record?	8fdc70be10	\Illuminate\Support\Facades\DB::table('return_orders')->where('id', $returnOrder->id)->update(['return_type' => 'customer_exchange'])
earlier	read in the 11e91c3 round (handoff §7e); file unchanged since	tenant	app/Services/Returns/ExchangeService.php:289	unscoped	WRITE	invoice_items	via:invoices	none:-	c0ab48818c	\App\Models\InvoiceItem::record([ 'invoice_id' => $draft->id, 'item_id' => $item->id, 'metal_type' => $item->metal_type, 'weight' => (float) $item->gross_weight, 'rate' => 0, // not used for finished-piece sale; line_total is the lock 'making_charges' => (float) ($item->making_charges ?? 0), 'stone_amount' => (float) ($item->stone_charges ?? 0), // Hallmark is already inside selling_price (line_total); snapshot it // separately so a return of this exchanged item can retain it (parity // with making/stone and the regular sale paths). 'hallmark_charges' => (float) ($item->hallmark_charges ?? 0), 'line_total' => $linePrice, 'gst_rate' => $shopGstRate, 'gst_amount' => $lineGst, // allocated_* default to 0 — there's no invoice-level discount here. 'allocated_discount' => 0, 'allocated_round_off' => 0, 'allocated_loyalty_pts' => 0, ])
earlier	read in the 11e91c3 round (handoff §7e); file unchanged since	tenant	app/Services/Returns/ExchangeService.php:391	unscoped	read	users	shop_id	key:via>?	a7c890ef51	\App\Models\User::find($userId)
ok-self	the return order created or passed in this flow, by its own id (reinspected: conservative trust rules)	tenant	app/Services/Returns/ExchangeService.php:429	raw	WRITE	return_orders	shop_id	key:via>?	28c9dcbac4	\Illuminate\Support\Facades\DB::table('return_orders')->where('id', $returnOrder->id)->update(['return_type' => 'customer_exchange'])
trusted	constraint from via>mixed(record,owned)	tenant	app/Services/Returns/ReturnService.php:118	unscoped	read	invoice_items	via:invoices	key:via>mixed(record,owned)	a47e70a1b7	\App\Models\InvoiceItem::where('invoice_id', $invoice->id)->whereNull('returned_at')->pluck('id')->all()
trusted	constraint from via>mixed(record,owned)	tenant	app/Services/Returns/ReturnService.php:132	unscoped	read	invoice_items	via:invoices	key:via>mixed(record,owned)	4197886a86	\App\Models\InvoiceItem::where('invoice_id', $invoice->id)->whereIn('id', $invoiceItemIds)->lockForUpdate()->with('item')->get()
trusted	constraint from via>mixed(record,owned)	tenant	app/Services/Returns/ReturnService.php:278	unscoped	read	invoice_items	via:invoices	key:via>mixed(record,owned)	e391045532	\App\Models\InvoiceItem::where('invoice_id', $invoice->id)->count()
trusted	constraint from via>mixed(record,owned)	tenant	app/Services/Returns/ReturnService.php:279	unscoped	read	invoice_items	via:invoices	key:via>mixed(record,owned)	f017bd2132	\App\Models\InvoiceItem::where('invoice_id', $invoice->id)->whereNotNull('returned_at')->count()
trusted	constraint from via>mixed(record,owned)	tenant	app/Services/Returns/ReturnService.php:280	raw	read	invoices	shop_id	key:via>mixed(record,owned)	17ff00cf3a	\Illuminate\Support\Facades\DB::table('invoices')->where('id', $invoice->id)->first()
trusted	constraint from via>mixed(record,owned)	tenant	app/Services/Returns/ReturnService.php:282	raw	WRITE	invoices	shop_id	key:via>mixed(record,owned)	e3bb8f264f	\Illuminate\Support\Facades\DB::table('invoices')->where('id', $invoice->id)->update(['status' => \App\Models\Invoice::STATUS_CANCELLED, 'cancelled_at' => now(), 'cancelled_by' => $userId, 'cancellation_reason' => $reason, 'updated_at' => now()])
trusted	constraint from via>mixed(record,owned)	tenant	app/Services/Returns/ReturnService.php:352	unscoped	read	invoice_items	via:invoices	key:via>mixed(record,owned)	496734458b	\App\Models\InvoiceItem::where('invoice_id', $invoice->id)->lockForUpdate()->with('item')->get()
trusted	constraint from via>mixed(record,owned)	tenant	app/Services/Returns/ReturnService.php:445	raw	read	invoices	shop_id	key:via>mixed(record,owned)	847e10c1ad	\Illuminate\Support\Facades\DB::table('invoices')->where('id', $invoice->id)->first()
trusted	constraint from via>mixed(record,owned)	tenant	app/Services/Returns/ReturnService.php:446	raw	WRITE	invoices	shop_id	key:via>mixed(record,owned)	d73dba53ca	\Illuminate\Support\Facades\DB::table('invoices')->where('id', $invoice->id)->update(['status' => \App\Models\Invoice::STATUS_CANCELLED, 'cancelled_at' => now(), 'cancelled_by' => $userId, 'cancellation_reason' => $reason, 'updated_at' => now()])
trusted	constraint from via>record	tenant	app/Services/Returns/ReturnService.php:615	raw	WRITE	return_orders	shop_id	key:via>record	2f9b5f2ee7	\Illuminate\Support\Facades\DB::table('return_orders')->where('id', $returnOrder->id)->update(['status' => \App\Models\ReturnOrder::STATUS_CANCELLED, 'cancellation_reason' => 'Superseded by approval-triggered return.', 'updated_at' => now()])
trusted	constraint from via>record	tenant	app/Services/Returns/ReturnService.php:642	raw	WRITE	return_orders	shop_id	key:via>record	e5bd1bc307	\Illuminate\Support\Facades\DB::table('return_orders')->where('id', $returnOrder->id)->update(['status' => \App\Models\ReturnOrder::STATUS_CANCELLED, 'cancellation_reason' => 'Rejected by approver: ' . $reason, 'updated_at' => now()])
trusted	constraint from via>mixed(record,owned)	tenant	app/Services/Returns/ReturnService.php:1170	raw	read	invoices	shop_id	key:via>mixed(record,owned)	611feb6908	\Illuminate\Support\Facades\DB::table('invoices')->where('id', $invoice->id)->first()
earlier	read in the 11e91c3 round (handoff §7e); file unchanged since	tenant	app/Services/SalesService.php:148	unscoped	WRITE	invoice_items	via:invoices	none:-	c79b97dddf	\App\Models\InvoiceItem::record([ 'invoice_id' => $invoice->id, 'item_id' => $item->id, 'weight' => $item->net_metal_weight, 'rate' => $goldRate, // MC-3: persist the RESOLVED making (== $making for fixed mode) // as the accounting truth, plus the mode metadata snapshot // (NULL for fixed). Reproducible: a future rate change can never // alter this finalized amount. 'making_charges' => round((float) ($line['making'] ?? $making), 2), 'making_charge_type' => $line['making_type'] ?? null, 'making_charge_value' => $line['making_value'] ?? null, 'stone_amount' => $stone, // Hallmark is already inside line_total; snapshot it separately so the // return policy can retain it (parity with making/stone). 'hallmark_charges' => round((float) ($item->hallmark_charges ?? 0), 2), 'line_total' => $line['line_total'], 'gst_rate' => $gstRate, 'gst_amount' => $line['gst_amount'], ])
trusted	constraint from via>record	tenant	app/Services/SchemeService.php:629	raw	read	shop_rules	shop_id	where:via>record	e726c7b275	\Illuminate\Support\Facades\DB::table('shop_rules')->where('shop_id', $shopId)->value('financial_lock_date')
trusted	constraint from via>context	tenant	app/Services/ShopOpeningSetupState.php:41	removed	read	onboarding_batches	shop_id	where:via>context	2d3ef65e79	\App\Models\OnboardingBatch::withoutTenant()->where('shop_id', $shopId)->where('status', \App\Models\OnboardingBatch::STATUS_LOCKED)->exists()
trusted	constraint from via>context	tenant	app/Services/ShopOpeningSetupState.php:50	removed	read	shop_preferences	shop_id	where:via>context	f403e28833	\App\Models\ShopPreferences::withoutTenant()->where('shop_id', $shopId)->whereNotNull('opening_setup_skipped_at')->exists()
trusted	constraint from via>context	tenant	app/Services/ShopOpeningSetupState.php:59	removed	read	onboarding_batches	shop_id	where:via>context	3120156357	\App\Models\OnboardingBatch::withoutTenant()->where('shop_id', $shopId)->whereIn('status', [\App\Models\OnboardingBatch::STATUS_DRAFT, \App\Models\OnboardingBatch::STATUS_REVIEW, \App\Models\OnboardingBatch::STATUS_POSTING])->exists()
ok-context	every caller passes the authenticated user's shop, or a record's shop	tenant	app/Services/ShopPricingService.php:73	removed	read	shop_daily_metal_rates	shop_id	where:via>mixed(other,unowned,context,record)	ae683cce61	\App\Models\ShopDailyMetalRate::withoutTenant()->where('shop_id', $shopId)->where('business_date', $this->businessDateString($shopId, $now))->orderByDesc('id')->first()
ok-context	the caller's shop (or a shop row looked up by it); reprice iterates items filtered to that shop (reinspected: conservative trust rules)	tenant	app/Services/ShopPricingService.php:107	removed	read	shop_metal_purity_profiles	shop_id	where:via>mixed(unowned,other,context)	9373b96b71	\App\Models\ShopMetalPurityProfile::withoutTenant()->where('shop_id', $shopId)->when($metalType, fn($query) => $query->where('metal_type', $metalType))->orderBy('metal_type')->orderBy('sort_order')->orderByDesc('purity_value')->get()
ok-context	the caller's shop (or a shop row looked up by it); reprice iterates items filtered to that shop (reinspected: conservative trust rules)	tenant	app/Services/ShopPricingService.php:139	removed	WRITE	shop_metal_purity_profiles	shop_id	where:via>mixed(unowned,other,context)	24a9c66e11	\App\Models\ShopMetalPurityProfile::withoutTenant()->firstOrCreate(['shop_id' => $shopId, 'metal_type' => $metalType, 'purity_value' => $this->normalizePurityValue($purityValue), 'basis' => $basis], ['code' => $code, 'label' => $label, 'is_active' => true, 'sort_order' => $sortOrder])
earlier	read in the 11e91c3 round (handoff §7e); file unchanged since	tenant	app/Services/ShopPricingService.php:214	removed	WRITE	shop_metal_purity_profiles	shop_id	none:-	b0c283f6e0	\App\Models\ShopMetalPurityProfile::withoutTenant()->create($payload)
trusted	constraint from via>mixed(record,context)	tenant	app/Services/ShopPricingService.php:223	removed	WRITE	shop_metal_purity_profiles	shop_id	where:via>mixed(record,context)	36fe5da4b2	\App\Models\ShopMetalPurityProfile::withoutTenant()->firstOrCreate(['shop_id' => $shopId, 'metal_type' => $metalType, 'purity_value' => $purityValue, 'basis' => $this->basisForMetalType($metalType)], ['code' => $this->normalizePurityString($purityValue), 'label' => $this->formatPurityLabel($metalType, $purityValue), 'is_active' => true, 'sort_order' => $this->nextSortOrder($shopId, $metalType)])
ok-context	the caller's shop (or a shop row looked up by it); reprice iterates items filtered to that shop (reinspected: conservative trust rules)	tenant	app/Services/ShopPricingService.php:247	removed	read	shop_metal_purity_profiles	shop_id	where:via>mixed(unowned,context)	1dc5d9943a	\App\Models\ShopMetalPurityProfile::withoutTenant()->where('shop_id', $shopId)->where('metal_type', $this->normalizeMetalType($metalType))->where('purity_value', $this->normalizePurityValue($purityValue))->whereRaw($this->booleanComparisonSql('is_active', true))->orderBy('sort_order')->first()
earlier	read in the 11e91c3 round (handoff §7e); file unchanged since	tenant	app/Services/ShopPricingService.php:291	removed	WRITE	shop_daily_metal_rates	shop_id	none:-	00af39e76c	\App\Models\ShopDailyMetalRate::withoutTenant()->firstOrCreate($key, $values)
earlier	read in the 11e91c3 round (handoff §7e); file unchanged since	tenant	app/Services/ShopPricingService.php:294	removed	read	shop_daily_metal_rates	shop_id	none:-	2a655bf5c5	\App\Models\ShopDailyMetalRate::withoutTenant()->where($key)->lockForUpdate()->firstOrFail()
trusted	constraint from via>context	tenant	app/Services/ShopPricingService.php:423	unscoped	read	metal_rates	shop_id	where:via>context	6b9e1c6738	\App\Models\MetalRate::query()->where('shop_id', $shopId)->where('shop_metal_purity_profile_id', $profileId)->where('business_date', $businessDate)->orderByDesc('fetched_at')->orderByDesc('id')->first()
earlier	read in the 11e91c3 round (handoff §7e); file unchanged since	tenant	app/Services/ShopPricingService.php:445	unscoped	read	metal_rates	shop_id	none:-	a8939adcf3	\App\Models\MetalRate::latestResolvedForDay($shopId, $businessDate, $this->normalizeMetalType($metalType), $this->normalizePurityValue($purityValue))
UNREAD		tenant	app/Services/ShopPricingService.php:604	unscoped	read	shops	self:id	key:via>property	925fa6be69	\App\Models\Shop::query()->find($shopId)
ok-context	the caller's shop (or a shop row looked up by it); reprice iterates items filtered to that shop (reinspected: conservative trust rules)	tenant	app/Services/ShopPricingService.php:616	removed	read	items	shop_id	where:via>property	67ea4b0ba8	\App\Models\Item::withoutTenant()->where('shop_id', $shopId)->where('status', 'in_stock')->orderBy('id')->chunkById(200, function ($items) use ($shop, $now, &$updated): void { foreach ($items as $item) { try { if (!$item->metal_type) { throw new \LogicException('Item has no metal type assigned. Go to Settings → Pricing → Legacy Items to fix it.'); } $payload = $this->computeRetailerCostPayload($shop, ['metal_type' => $item->metal_type, 'purity' => $item->purity, 'gross_weight' => $item->gross_weight, 'stone_weight' => $item->stone_weight, 'making_charges' => $item->making_charges, 'stone_charges' => $item->stone_charges, 'hallmark_charges' => $item->hallmark_charges ?? 0, 'rhodium_charges' => $item->rhodium_charges ?? 0, 'other_charges' => $item->other_charges ?? 0], $now); } catch (\Throwable $e) { \Illuminate\Support\Facades\DB::table('items')->where('id', $item->id)->update(['pricing_review_required' => $this->databaseBoolean(true), 'pricing_review_notes' => 'Auto-reprice failed: ' . $e->getMessage(), 'updated_at' => now()]); continue; } \Illuminate\Support\Facades\DB::table('items')->where('id', $item->id)->update(['net_metal_weight' => $payload['net_metal_weight'], 'cost_price' => $payload['cost_price'], 'selling_price' => $payload['selling_price'], 'overhead_cost' => $payload['overhead_cost'], 'pricing_review_required' => $this->databaseBoolean(false), 'pricing_review_notes' => null, 'updated_at' => now()]); $updated++; } })
ok-context	the caller's shop (or a shop row looked up by it); reprice iterates items filtered to that shop (reinspected: conservative trust rules)	tenant	app/Services/ShopPricingService.php:639	raw	WRITE	items	shop_id	key:record?	75c0990dae	\Illuminate\Support\Facades\DB::table('items')->where('id', $item->id)->update(['pricing_review_required' => $this->databaseBoolean(true), 'pricing_review_notes' => 'Auto-reprice failed: ' . $e->getMessage(), 'updated_at' => now()])
ok-context	the caller's shop (or a shop row looked up by it); reprice iterates items filtered to that shop (reinspected: conservative trust rules)	tenant	app/Services/ShopPricingService.php:647	raw	WRITE	items	shop_id	key:record?	f41cd45f64	\Illuminate\Support\Facades\DB::table('items')->where('id', $item->id)->update(['net_metal_weight' => $payload['net_metal_weight'], 'cost_price' => $payload['cost_price'], 'selling_price' => $payload['selling_price'], 'overhead_cost' => $payload['overhead_cost'], 'pricing_review_required' => $this->databaseBoolean(false), 'pricing_review_notes' => null, 'updated_at' => now()])
trusted	constraint from via>context	tenant	app/Services/ShopPricingService.php:681	removed	read	items	shop_id	where:via>context	a9f84d55cb	\App\Models\Item::withoutTenant()->where('shop_id', $shopId)->where('status', 'in_stock')->where(function ($query): void { $query->whereNull('metal_type')->orWhereRaw($this->booleanComparisonSql('pricing_review_required', true)); })->orderByDesc('updated_at')->limit(100)->get(['id', 'barcode', 'design', 'category', 'purity', 'metal_type', 'pricing_review_notes'])
trusted	constraint from via>context	tenant	app/Services/ShopPricingService.php:703	removed	read	items	shop_id	where:via>context	867547a02c	\App\Models\Item::withoutTenant()->where('shop_id', $shopId)->where(function ($query): void { $query->whereNull('metal_type')->orWhereRaw($this->booleanComparisonSql('pricing_review_required', true)); })->orderByDesc('updated_at')->limit(100)->get()
trusted	constraint from via>record	tenant	app/Services/ShopPricingService.php:728	unscoped	read	shops	self:id	key:via>record	63a701d37e	\App\Models\Shop::query()->findOrFail($shopId)
trusted	constraint from via>record	tenant	app/Services/ShopPricingService.php:748	removed	WRITE	items	shop_id	key:via>record	6f30df1202	\App\Models\Item::withoutTenant()->where('id', $item->id)->update(array_merge($updates, ['updated_at' => now()]))
trusted	constraint from via>record	tenant	app/Services/ShopPricingService.php:752	removed	read	items	shop_id	where:via>record	4766849875	\App\Models\Item::withoutTenant()->where('shop_id', $shopId)->findOrFail($item->id)
trusted	constraint from via>context	tenant	app/Services/ShopPricingService.php:843	embedded	read	shop_metal_purity_profiles	shop_id	where:via>context	fafb1b9296	\Illuminate\Support\Facades\DB::table('metal_rates as rates')->leftJoin('shop_metal_purity_profiles as profiles', function ($join) use ($shopId): void { $join->on('profiles.id', '=', 'rates.shop_metal_purity_profile_id')->where('profiles.shop_id', '=', $shopId); })->where('rates.shop_id', $shopId)->whereNotNull('rates.business_date')
trusted	constraint from via>context	tenant	app/Services/ShopPricingService.php:843	raw	read	metal_rates	shop_id	where:via>context	2af3871e53	\Illuminate\Support\Facades\DB::table('metal_rates as rates')->leftJoin('shop_metal_purity_profiles as profiles', function ($join) use ($shopId): void { $join->on('profiles.id', '=', 'rates.shop_metal_purity_profile_id')->where('profiles.shop_id', '=', $shopId); })->where('rates.shop_id', $shopId)->whereNotNull('rates.business_date')
earlier	read in the 11e91c3 round (handoff §7e); file unchanged since	tenant	app/Services/ShopPricingService.php:1050	raw	WRITE	metal_rates	shop_id	none:-	432c458009	\Illuminate\Support\Facades\DB::table('metal_rates')->insert($payload)
ok-context	the caller's shop (or a shop row looked up by it); reprice iterates items filtered to that shop (reinspected: conservative trust rules)	tenant	app/Services/ShopPricingService.php:1052	unscoped	read	metal_rates	shop_id	key:via>mixed(record,other,unowned)	5ef29410f8	\App\Models\MetalRate::query()->where('shop_id', (int) $profile->shop_id)->where('shop_metal_purity_profile_id', (int) $profile->id)->where('business_date', $businessDate)->whereRaw($this->booleanComparisonSql('is_override', $isOverride))->orderByDesc('id')->firstOrFail()
ok-context	the caller's shop (or a shop row looked up by it); reprice iterates items filtered to that shop (reinspected: conservative trust rules)	tenant	app/Services/ShopPricingService.php:1063	unscoped	read	metal_rates	shop_id	where:via>mixed(unowned,other)	e808c52050	\App\Models\MetalRate::query()->where('shop_id', $shopId)->where('business_date', $businessDate)->whereRaw($this->booleanComparisonSql('is_override', true))->orderByDesc('fetched_at')->orderByDesc('id')->get()->unique('shop_metal_purity_profile_id')->values()
earlier	read in the 11e91c3 round (handoff §7e); file unchanged since	tenant	app/Services/ShopPricingService.php:1091	unscoped	read	metal_rates	shop_id	none:-	66e737d0ea	\App\Models\MetalRate::latestResolvedForDay($shopId, $businessDate, $metalType, $purityValue)
trusted	constraint from via>mixed(context,record)	tenant	app/Services/ShopPricingService.php:1104	removed	read	shop_metal_purity_profiles	shop_id	where:via>mixed(context,record)	d0c4232060	\App\Models\ShopMetalPurityProfile::withoutTenant()->where('shop_id', $shopId)->where('metal_type', $metalType)->max('sort_order')
earlier	read in the 11e91c3 round (handoff §7e); file unchanged since	tenant	app/Services/SignatureRelocationLedger.php:81	removed	read	signature_relocations	shop_id	none:-	19d99233cd	\App\Models\SignatureRelocation::withoutTenant()->where($key)->lockForUpdate()->first()
earlier	read in the 11e91c3 round (handoff §7e); file unchanged since	tenant	app/Services/SignatureRelocationLedger.php:91	removed	WRITE	signature_relocations	shop_id	none:-	42790586f5	\App\Models\SignatureRelocation::withoutTenant()->create($key + ['target_disk' => $targetDisk, 'sha256' => $sha256, 'bytes' => $bytes, 'relocated_at' => now()])
ok-platform	console relocation: the row being relocated's own shop (reinspected: conservative trust rules)	tenant	app/Services/SignatureRelocationLedger.php:102	removed	read	signature_relocations	shop_id	where:via>record?	64c87a7670	\App\Models\SignatureRelocation::withoutTenant()->where('shop_id', $shopId)->where('path', $path)->where('source_disk', self::SOURCE_DISK)->first()
ok-record	targetFor() is called by InvoiceSignatureRenderer::build with the invoice's shop	tenant	app/Services/SignatureRelocationLedger.php:135	removed	read	signature_relocations	shop_id	where:via>mixed(record?,other,?,record,owned)	9f70c1f210	\App\Models\SignatureRelocation::withoutTenant()->where('shop_id', $shopId)->where('path', $path)->where('source_disk', self::SOURCE_DISK)->first()
UNREAD		tenant	app/Services/SubscriptionGateService.php:20	unscoped	read	shops	self:id	key:via>mixed(context,record,owned,unowned,?,other)	fdd52b34a9	\App\Models\Shop::query()->find($shopId)
ok-platform	the gate for the shop being checked — the caller's own (reinspected: conservative trust rules)	tenant	app/Services/SubscriptionGateService.php:102	unscoped	read	shop_editions	shop_id	where:via>unowned	18c63f57e2	\App\Models\ShopEditionAssignment::query()->where('shop_id', $shop->id)->whereNull('deactivated_at')->get()
ok-platform	the gate for the shop being checked — the caller's own (reinspected: conservative trust rules)	tenant	app/Services/SubscriptionGateService.php:116	unscoped	read	shop_subscriptions	shop_id	where:via>unowned	c54aee8753	\App\Models\Platform\ShopSubscription::query()->where('shop_id', $shop->id)->whereIn('status', self::WRITABLE_SUBSCRIPTION_STATUSES)->with('plan.platformProduct')->get()
ok-platform	the gate for the shop being checked — the caller's own (reinspected: conservative trust rules)	tenant	app/Services/SubscriptionGateService.php:158	unscoped	read	shop_subscriptions	shop_id	where:via>unowned	f448753044	\App\Models\Platform\ShopSubscription::query()->where('shop_id', $shop->id)->latest('id')->first()
global	no tenant table: plans — plan catalog	tenant	app/Services/SubscriptionPaymentService.php:70	unscoped	read	plans	-	key:property	db735c6324	\App\Models\Platform\Plan::find($planId)
earlier	read in the 11e91c3 round (handoff §7e); file unchanged since	tenant	app/Services/SubscriptionPaymentService.php:178	unscoped	read	shop_subscriptions	shop_id	key:via>mixed(loop,other,property,REQUEST)	25daae853c	\App\Models\Platform\ShopSubscription::where('razorpay_payment_id', $paymentId)->first()
ok-platform	platform billing: the authenticated actor's own shop or the subscription being billed; payment ids signature-verified (reinspected: conservative trust rules)	tenant	app/Services/SubscriptionPaymentService.php:223	unscoped	read	shop_subscriptions	shop_id	where:via>unowned	44eb5e6eb0	\App\Models\Platform\ShopSubscription::where('shop_id', $shopId)->with('plan.platformProduct')->latest('id')->get()->first(fn(\App\Models\Platform\ShopSubscription $sub) => $edition === null || $sub->plan?->grantsEdition() === $edition)
earlier	read in the 11e91c3 round (handoff §7e); file unchanged since	tenant	app/Services/SubscriptionPaymentService.php:239	unscoped	read	shop_subscriptions	shop_id	none:-	70a9f03159	\App\Models\Platform\ShopSubscription::hasLivePaidTermToday($current)
ok-platform	platform billing: the authenticated actor's own shop or the subscription being billed; payment ids signature-verified (reinspected: conservative trust rules)	tenant	app/Services/SubscriptionPaymentService.php:309	unscoped	WRITE	shop_subscriptions	shop_id	insert:via>unowned	5bb52a56a1	\App\Models\Platform\ShopSubscription::create(['shop_id' => $actor?->shop_id, 'user_id' => $actor?->id, 'plan_id' => $plan->id, 'status' => $status, 'starts_at' => $startsAt, 'ends_at' => $endsAt, 'grace_ends_at' => $graceEndsAt, 'billing_cycle' => $billingCycle, 'price_paid' => $expectedPrice, 'razorpay_payment_id' => $paymentId, 'razorpay_order_id' => $orderId, 'updated_by_admin_id' => null, 'actor_type' => 'self_service'])
ok-platform	platform billing: the authenticated actor's own shop or the subscription being billed; payment ids signature-verified (reinspected: conservative trust rules)	tenant	app/Services/SubscriptionPaymentService.php:325	unscoped	WRITE	subscription_events	shop_id	insert:record?	5111885cbf	\App\Models\Platform\SubscriptionEvent::create(['shop_subscription_id' => $subscription->id, 'shop_id' => $subscription->shop_id, 'admin_id' => null, 'event_type' => 'subscription.paid', 'before' => null, 'after' => $subscription->toArray(), 'reason' => 'Payment via Razorpay: ' . $paymentId])
UNREAD		tenant	app/Services/SubscriptionPaymentService.php:353	unscoped	read	shops	self:id	key:via>unowned	d95862c4d5	\App\Models\Shop::whereKey($actor->shop_id)->lockForUpdate()->first()
earlier	read in the 11e91c3 round (handoff §7e); file unchanged since	tenant	app/Services/SubscriptionPaymentService.php:404	unscoped	read	shop_subscriptions	shop_id	key:via>mixed(other,property,loop,REQUEST)	4b3d0b9aac	\App\Models\Platform\ShopSubscription::where('razorpay_payment_id', $paymentId)->firstOrFail()
earlier	read in the 11e91c3 round (handoff §7e); file unchanged since	tenant	app/Services/SubscriptionPaymentService.php:440	unscoped	read	users	shop_id	key:property	3fc9ec6d4c	\App\Models\User::find($userId)
earlier	read in the 11e91c3 round (handoff §7e); file unchanged since	tenant	app/Services/SubscriptionPaymentService.php:559	unscoped	read	subscription_events	shop_id	none:-	15c289797a	\App\Models\Platform\SubscriptionEvent::where('event_type', 'payment.unresolved')->where('after->payment_id', $paymentId)->first()
ok-platform	records an unmatched payment event with no shop (shop_id null); platform billing	tenant	app/Services/SubscriptionPaymentService.php:577	unscoped	WRITE	subscription_events	shop_id	insert:other	8ce30d0775	\App\Models\Platform\SubscriptionEvent::create(['shop_subscription_id' => null, 'shop_id' => null, 'admin_id' => null, 'event_type' => 'payment.unresolved', 'before' => null, 'after' => ['order_id' => $orderId, 'payment_id' => $paymentId, 'attempt_count' => 1, 'first_failed_at' => $now, 'last_failed_at' => $now, 'transient' => $transient, 'resolved_at' => null], 'reason' => $reasonText])
earlier	read in the 11e91c3 round (handoff §7e); file unchanged since	tenant	app/Services/SubscriptionPaymentService.php:618	unscoped	read	subscription_events	shop_id	none:-	e410950db5	\App\Models\Platform\SubscriptionEvent::where('event_type', 'payment.unresolved')->where('after->payment_id', $paymentId)->first()
earlier	read in the 11e91c3 round (handoff §7e); file unchanged since	tenant	app/Services/SubscriptionPaymentService.php:660	unscoped	read	shop_subscriptions	shop_id	key:via>?	2435e4782e	\App\Models\Platform\ShopSubscription::where('razorpay_payment_id', $paymentId)->first()
ok-platform	platform billing: the authenticated actor's own shop or the subscription being billed; payment ids signature-verified (reinspected: conservative trust rules)	tenant	app/Services/SubscriptionPaymentService.php:698	unscoped	WRITE	shop_subscriptions	shop_id	insert:via>?	8515c856ba	\App\Models\Platform\ShopSubscription::create([ 'shop_id' => $current->shop_id, 'user_id' => $current->user_id, 'plan_id' => $current->plan_id, 'status' => 'active', 'starts_at' => $startsAt, 'ends_at' => $endsAt, 'grace_ends_at' => $newGraceEndsAt, 'billing_cycle' => $billingCycle, 'price_paid' => $price, 'razorpay_payment_id' => $paymentId, 'razorpay_order_id' => $orderId, // Never inherited from $current. If the previous term happened // to be keyed in by an admin, copying the stamp forward made // that admin the recorded actor on a renewal the customer paid // for themselves — and the row's own SubscriptionEvent below // already (correctly) records admin_id = null. 'updated_by_admin_id' => null, 'actor_type' => 'self_service', ])
ok-platform	platform billing: the authenticated actor's own shop or the subscription being billed; payment ids signature-verified (reinspected: conservative trust rules)	tenant	app/Services/SubscriptionPaymentService.php:719	unscoped	WRITE	subscription_events	shop_id	insert:record?	f07bb0ddd4	\App\Models\Platform\SubscriptionEvent::create(['shop_subscription_id' => $renewed->id, 'shop_id' => $renewed->shop_id, 'admin_id' => null, 'event_type' => 'subscription.renewed', 'before' => $current->toArray(), 'after' => $renewed->toArray(), 'reason' => 'Renewal via Razorpay: ' . $paymentId . ' (previous subscription #' . $current->id . ')'])
earlier	read in the 11e91c3 round (handoff §7e); file unchanged since	tenant	app/Services/SubscriptionPaymentService.php:740	unscoped	read	shop_subscriptions	shop_id	key:via>?	33f8d05727	\App\Models\Platform\ShopSubscription::where('razorpay_payment_id', $paymentId)->firstOrFail()
ok-platform	trial eligibility: shop_id OR user_id grouped in one closure, both the caller's own; matches nothing when neither is given	tenant	app/Services/SubscriptionPaymentService.php:894	unscoped	read	shop_subscriptions	shop_id	orwhere:via>context	b3bbaa4989	\App\Models\Platform\ShopSubscription::query()->where(function ($q) use ($shopId, $userId) { $matched = false; if ($shopId !== null) { $q->orWhere('shop_id', $shopId); $matched = true; } if ($userId !== null) { $q->orWhere('user_id', $userId); $matched = true; } // Nothing to scope by → match nothing (fail safe, never match all). if (!$matched) { $q->whereRaw('1 = 0'); } })->with('plan.platformProduct')
trusted	constraint from context	tenant	app/Services/SubscriptionPaymentService.php:971	unscoped	read	shops	self:id	key:context	00b35903fd	\App\Models\Shop::find($shopId)
global	no tenant table: platform_settings — platform settings	tenant	app/Services/SubscriptionPaymentService.php:1093	unscoped	read	platform_settings	-	none:-	a7c79d81fa	\App\Models\Platform\PlatformSetting::trialDays()
trusted	constraint from context	tenant	app/Services/SubscriptionPaymentService.php:1099	unscoped	WRITE	shop_subscriptions	shop_id	insert:context	16389865a6	\App\Models\Platform\ShopSubscription::create([ 'shop_id' => $shopId, 'user_id' => $userId, 'plan_id' => $plan->id, 'status' => 'trial', 'starts_at' => $startsAt, 'ends_at' => $endsAt, // No bonus grace on a trial: at trial end the shop lands on // `expired` (the entitlement axis), never on `read_only`. 'grace_ends_at' => $endsAt, 'billing_cycle' => null, 'price_paid' => 0, 'razorpay_payment_id' => null, 'razorpay_order_id' => null, 'updated_by_admin_id' => null, 'actor_type' => 'self_service', ])
ok-platform	platform billing: the authenticated actor's own shop or the subscription being billed; payment ids signature-verified (reinspected: conservative trust rules)	tenant	app/Services/SubscriptionPaymentService.php:1117	unscoped	WRITE	subscription_events	shop_id	insert:record?	ec1a963e58	\App\Models\Platform\SubscriptionEvent::create(['shop_subscription_id' => $subscription->id, 'shop_id' => $subscription->shop_id, 'admin_id' => null, 'event_type' => 'subscription.trial_started', 'before' => null, 'after' => $subscription->toArray(), 'reason' => 'Free ' . $trialDays . '-day trial of ' . ($plan->grantsEdition() ?? 'product')])
trusted	constraint from context	tenant	app/Services/SubscriptionPaymentService.php:1165	unscoped	read	shop_subscriptions	shop_id	key:context	0a33102e84	\App\Models\Platform\ShopSubscription::query()->where('user_id', $userId)->where('plan_id', $plan->id)->whereNull('razorpay_payment_id')->where('price_paid', 0)->latest('id')->first()
UNREAD		tenant	app/Services/SubscriptionPaymentService.php:1198	unscoped	read	shops	self:id	key:via>unowned	2a29b983c9	\App\Models\Shop::find($subscription->shop_id)
ok-platform	platform-admin setting applied to every trial by design (reinspected: conservative trust rules)	tenant	app/Services/SubscriptionTrialService.php:46	unscoped	read	shop_subscriptions	shop_id	orkey:record?	cc5ffd396c	\App\Models\Platform\ShopSubscription::query()->where('status', 'trial')->orderBy('id')->chunkById(200, function ($subscriptions) use ($days, $today, $adminId, &$updated, &$clamped, &$unchanged, &$skippedUpgraded) { foreach ($subscriptions as $sub) { // Skip trials whose shop already bought a paid term (early // upgrade): the paid row's starts_at is pinned to THIS // trial's end date, so moving the trial end would desync // the seam. An upgraded shop's trial length is frozen. $alreadyUpgraded = \App\Models\Platform\ShopSubscription::where('shop_id', $sub->shop_id)->where('id', '>', $sub->id)->whereIn('status', ['active', 'grace', 'read_only'])->exists(); if ($alreadyUpgraded) { $skippedUpgraded++; continue; } $startsAt = $sub->starts_at ? \Carbon\CarbonImmutable::parse($sub->starts_at)->startOfDay() : \Carbon\CarbonImmutable::parse($sub->created_at)->startOfDay(); $computed = $startsAt->addDays($days); $wasClamped = $computed->lessThan($today); $newEndsAt = $wasClamped ? $today : $computed; $oldEndsAt = $sub->ends_at ? \Carbon\CarbonImmutable::parse($sub->ends_at)->startOfDay() : null; // Idempotent: skip if nothing actually changes. if ($oldEndsAt !== null && $oldEndsAt->equalTo($newEndsAt)) { $unchanged++; continue; } $before = ['ends_at' => optional($sub->ends_at)->toDateString(), 'grace_ends_at' => optional($sub->grace_ends_at)->toDateString()]; $sub->ends_at = $newEndsAt->toDateString(); $sub->grace_ends_at = $newEndsAt->toDateString(); // trials have no grace $sub->save(); \App\Models\Platform\SubscriptionEvent::create(['shop_subscription_id' => $sub->id, 'shop_id' => $sub->shop_id, 'admin_id' => $adminId, 'event_type' => 'subscription.trial_length_changed', 'before' => $before, 'after' => ['ends_at' => $newEndsAt->toDateString(), 'grace_ends_at' => $newEndsAt->toDateString(), 'trial_days' => $days, 'clamped_to_today' => $wasClamped], 'reason' => "Trial length set to {$days} days by admin" . ($wasClamped ? ' (clamped to today — computed end was in the past)' : '')]); $updated++; if ($wasClamped) { $clamped++; } } })
ok-platform	platform-admin setting applied to every trial by design (reinspected: conservative trust rules)	tenant	app/Services/SubscriptionTrialService.php:55	unscoped	read	shop_subscriptions	shop_id	orkey:record?	231d3ace73	\App\Models\Platform\ShopSubscription::where('shop_id', $sub->shop_id)->where('id', '>', $sub->id)->whereIn('status', ['active', 'grace', 'read_only'])->exists()
ok-platform	platform-admin setting applied to every trial by design (reinspected: conservative trust rules)	tenant	app/Services/SubscriptionTrialService.php:89	unscoped	WRITE	subscription_events	shop_id	insert:record?	c3216dc19d	\App\Models\Platform\SubscriptionEvent::create(['shop_subscription_id' => $sub->id, 'shop_id' => $sub->shop_id, 'admin_id' => $adminId, 'event_type' => 'subscription.trial_length_changed', 'before' => $before, 'after' => ['ends_at' => $newEndsAt->toDateString(), 'grace_ends_at' => $newEndsAt->toDateString(), 'trial_days' => $days, 'clamped_to_today' => $wasClamped], 'reason' => "Trial length set to {$days} days by admin" . ($wasClamped ? ' (clamped to today — computed end was in the past)' : '')])
earlier	read in the 11e91c3 round (handoff §7e); file unchanged since	tenant	app/Services/SubscriptionWebhookService.php:66	unscoped	read	shop_subscriptions	shop_id	key:via>other	4c85e3dfa8	\App\Models\Platform\ShopSubscription::where('razorpay_payment_id', $paymentId)->first()
earlier	read in the 11e91c3 round (handoff §7e); file unchanged since	tenant	app/Services/SubscriptionWebhookService.php:177	unscoped	read	subscription_events	shop_id	none:-	15bfbfeee1	\App\Models\Platform\SubscriptionEvent::where('event_type', 'payment.failed')->where('after->event_id', $eventId)->exists()
ok-platform	records an unmatched webhook event with no shop (shop_id null); platform billing	tenant	app/Services/SubscriptionWebhookService.php:183	unscoped	WRITE	subscription_events	shop_id	insert:other	4f760336d3	\App\Models\Platform\SubscriptionEvent::create(['shop_subscription_id' => null, 'shop_id' => null, 'admin_id' => null, 'event_type' => 'payment.failed', 'before' => null, 'after' => ['event_id' => $eventId, 'order_id' => $orderId, 'error' => $errorDesc], 'reason' => 'Razorpay webhook: payment failed — ' . $errorDesc])
global	no tenant table: - — names no table	tenant	app/Services/SubscriptionWebhookService.php:289	raw	read	-	-	none:-	0dd741da66	\Illuminate\Support\Facades\DB::statement("SELECT pg_advisory_xact_lock(hashtextextended(?, 0))", [$eventId])
earlier	read in the 11e91c3 round (handoff §7e); file unchanged since	tenant	app/Services/SubscriptionWebhookService.php:294	unscoped	read	subscription_events	shop_id	none:-	6bfbc8feee	\App\Models\Platform\SubscriptionEvent::where('after->event_id', $eventId)->exists()
earlier	read in the 11e91c3 round (handoff §7e); file unchanged since	tenant	app/Services/SubscriptionWebhookService.php:305	unscoped	read	shop_subscriptions	shop_id	key:via>other	ea964fbd31	\App\Models\Platform\ShopSubscription::where('razorpay_payment_id', $paymentId)->lockForUpdate()->first()
ok-platform	signature-verified webhook: the subscription the payment belongs to (reinspected: conservative trust rules)	tenant	app/Services/SubscriptionWebhookService.php:325	unscoped	read	subscription_events	shop_id	key:record?	dbc83c4a70	\App\Models\Platform\SubscriptionEvent::where('shop_subscription_id', $subscription->id)->whereIn('event_type', ['subscription.refunded', 'subscription.partial_refund'])->where('after->refund_id', $refundId)->exists()
ok-platform	signature-verified webhook: the subscription the payment belongs to (reinspected: conservative trust rules)	tenant	app/Services/SubscriptionWebhookService.php:360	unscoped	read	subscription_events	shop_id	key:record?	b7a06a1ad4	\App\Models\Platform\SubscriptionEvent::where('shop_subscription_id', $subscription->id)->whereIn('event_type', ['subscription.refunded', 'subscription.partial_refund'])->sum(\Illuminate\Support\Facades\DB::raw($this->refundAmountPaiseSumExpr()))
ok-platform	signature-verified webhook: the subscription the payment belongs to (reinspected: conservative trust rules)	tenant	app/Services/SubscriptionWebhookService.php:405	unscoped	WRITE	subscription_events	shop_id	insert:record?	0c063c2dbe	\App\Models\Platform\SubscriptionEvent::create(['shop_subscription_id' => $subscription->id, 'shop_id' => $subscription->shop_id, 'admin_id' => null, 'event_type' => $isFullRefund ? 'subscription.refunded' : 'subscription.partial_refund', 'before' => $before, 'after' => $after, 'reason' => 'Razorpay ' . $classification . ' refund: ' . $refundId . ' (' . $currency . ' ' . number_format($refundedRupees, 2) . ' of ' . $currency . ' ' . number_format($pricePaid, 2) . '; cumulative ' . $currency . ' ' . number_format($newCumulativePaise / 100, 2) . ')' . ($isFullRefund ? '' : ' — subscription remains active')])
earlier	read in the 11e91c3 round (handoff §7e); file unchanged since	tenant	app/Services/SubscriptionWebhookService.php:522	unscoped	read	subscription_events	shop_id	none:-	e7329bd743	\App\Models\Platform\SubscriptionEvent::where('event_type', 'refund.invalid')
ok-platform	records an unmatched webhook event with no shop (shop_id null); platform billing	tenant	app/Services/SubscriptionWebhookService.php:544	unscoped	WRITE	subscription_events	shop_id	insert:other	449c907921	\App\Models\Platform\SubscriptionEvent::create(['shop_subscription_id' => null, 'shop_id' => null, 'admin_id' => null, 'event_type' => 'refund.invalid', 'before' => null, 'after' => ['event_id' => $eventId, 'payment_id' => $paymentId, 'refund_id' => $refundId, 'refund_amount_paise' => $amountPaise, 'currency' => $currency, 'attempt_count' => 1, 'first_failed_at' => $now, 'last_failed_at' => $now, 'transient' => false, 'resolved_at' => null, 'validation_reason' => $reason], 'reason' => $reasonText])
ok-platform	called only by Admin/TenantActivityController; per-shop counts across shops by design	tenant	app/Services/TenantActivityMonitorService.php:24	removed	read	invoices	shop_id	mention:-	21b4c2fe77	\App\Models\Invoice::withoutTenant()->selectRaw('shop_id, count(*) as count')->whereDate('created_at', $today)->groupBy('shop_id')->pluck('count', 'shop_id')
ok-platform	called only by Admin/TenantActivityController; per-shop counts across shops by design	tenant	app/Services/TenantActivityMonitorService.php:30	removed	read	invoice_payments	shop_id	mention:-	cc81bf9740	\App\Models\InvoicePayment::withoutTenant()->selectRaw('shop_id, count(*) as count')->whereDate('created_at', $today)->groupBy('shop_id')->pluck('count', 'shop_id')
ok-platform	called only by Admin/TenantActivityController; per-shop counts across shops by design	tenant	app/Services/TenantActivityMonitorService.php:36	removed	read	items	shop_id	mention:-	1d57467267	\App\Models\Item::withoutTenant()->selectRaw('shop_id, count(*) as count')->whereDate('created_at', $today)->groupBy('shop_id')->pluck('count', 'shop_id')
ok-platform	called only by Admin/TenantActivityController; per-shop counts across shops by design	tenant	app/Services/TenantActivityMonitorService.php:42	removed	read	imports	shop_id	mention:-	22ca15489d	\App\Models\Import::withoutTenant()->selectRaw('shop_id, count(*) as count')->where('status', \App\Models\Import::STATUS_COMPLETED)->whereDate('finished_at', $today)->groupBy('shop_id')->pluck('count', 'shop_id')
ok-platform	called only by Admin/TenantActivityController; per-shop counts across shops by design	tenant	app/Services/TenantActivityMonitorService.php:49	removed	read	metal_lots	shop_id	mention:-	b1db5606e6	\App\Models\MetalLot::withoutTenant()->selectRaw('shop_id, count(*) as count')->whereDate('created_at', $today)->groupBy('shop_id')->pluck('count', 'shop_id')
ok-platform	called only by Admin/TenantActivityController; per-shop counts across shops by design	tenant	app/Services/TenantActivityMonitorService.php:55	unscoped	read	users	shop_id	mention:-	affdcba35c	\App\Models\User::query()->selectRaw('shop_id, count(*) as count')->whereRaw('is_active IS TRUE')->groupBy('shop_id')->pluck('count', 'shop_id')
ok-platform	called only by Admin/TenantActivityController; per-shop counts across shops by design	tenant	app/Services/TenantActivityMonitorService.php:61	removed	read	invoices	shop_id	mention:-	b9d43f1206	\App\Models\Invoice::withoutTenant()->selectRaw('shop_id, count(*) as count')->whereBetween('created_at', [$windowStart, $windowEnd])->groupBy('shop_id')->pluck('count', 'shop_id')
UNREAD		tenant	app/Services/TenantActivityMonitorService.php:67	unscoped	read	shops	self:id	none:-	c36eb87903	\App\Models\Shop::query()->select('id', 'name', 'shop_type', 'access_mode')->orderBy('name')->get()
UNREAD		tenant	app/Services/TenantHealthService.php:20	unscoped	read	shops	self:id	none:-	afbc933370	\App\Models\Shop::query()->select('id', 'name', 'shop_type', 'access_mode')->orderBy('name')->get()
ok-platform	called by console CheckShopHealthAlerts and the super-admin.dashboard view composer only	tenant	app/Services/TenantHealthService.php:25	unscoped	read	shop_subscriptions	shop_id	key:other	adce005828	\App\Models\Platform\ShopSubscription::query()->select('id', 'shop_id', 'status', 'ends_at', 'grace_ends_at')->whereIn('id', function ($query) { $query->from('shop_subscriptions')->selectRaw('MAX(id)')->groupBy('shop_id'); })->get()->keyBy('shop_id')
ok-platform	called by console CheckShopHealthAlerts and the super-admin.dashboard view composer only	tenant	app/Services/TenantHealthService.php:28	embedded	read	shop_subscriptions	shop_id	frag:shop_id	35cdfadce6	$query->from('shop_subscriptions')->selectRaw('MAX(id)')->groupBy('shop_id')
ok-platform	called by console CheckShopHealthAlerts and the super-admin.dashboard view composer only	tenant	app/Services/TenantHealthService.php:35	removed	read	invoices	shop_id	mention:-	84ebf88a76	\App\Models\Invoice::withoutTenant()->selectRaw('shop_id, count(*) as count')->where('created_at', '>=', $recentStart)->groupBy('shop_id')->pluck('count', 'shop_id')
ok-platform	called by console CheckShopHealthAlerts and the super-admin.dashboard view composer only	tenant	app/Services/TenantHealthService.php:41	removed	read	imports	shop_id	mention:-	bb00f6e4d7	\App\Models\Import::withoutTenant()->selectRaw('shop_id, count(*) as count')->where('status', \App\Models\Import::STATUS_FAILED)->where('finished_at', '>=', $recentStart)->groupBy('shop_id')->pluck('count', 'shop_id')
UNREAD		tenant	app/Services/TenantHealthService.php:48	unscoped	read	platform_audit_logs	convention:target	mention:-	920d24bb95	\App\Models\Platform\PlatformAuditLog::query()->selectRaw('target_id as shop_id, count(*) as count')->where('action', 'subscription.write_blocked')->where('created_at', '>=', $recentStart)->groupBy('target_id')->pluck('count', 'shop_id')
global	no tenant table: permissions — permission catalog	tenant	app/Services/TenantRoleService.php:43	unscoped	read	permissions	-	none:-	e40d476895	\App\Models\Permission::query()->pluck('id')
global	no tenant table: permissions — permission catalog	tenant	app/Services/TenantRoleService.php:48	unscoped	read	permissions	-	none:-	f9fc794af5	\App\Models\Permission::query()->whereNotIn('name', ['settings.edit', 'staff.manage'])->pluck('id')
global	no tenant table: permissions — permission catalog	tenant	app/Services/TenantRoleService.php:57	unscoped	read	permissions	-	none:-	1fcc0e971a	\App\Models\Permission::query()->whereIn('name', [ 'inventory.view', 'sales.view', 'sales.create', 'sales.pos', 'returns.view', 'returns.create', 'customers.view', 'customers.create', 'customers.edit', 'repairs.view', 'repairs.create', 'repairs.edit', // Cash Book is not a shop-floor surface: staff/cashier get no // cash.view/cash.create by default. The mobile Cash Book gate // (CashBookController::authorizeCashbook) also denies staff even // if the permission is granted, so this keeps template + gate aligned. 'vendors.view', 'karigar.view', 'job_order.view', 'karigar_invoice.view', ])->pluck('id')
ok-fk-join	role name only, to exclude owners from seat counts; users.role_id is written with exists+shop (StaffController) or an explicit same-shop check (Admin/UserManagementController) — no data of the joined row leaves the query	tenant	app/Services/Web/WebSessionSeatService.php:53	embedded	read	roles	shop_id	mention:-	aeb08462f9	\Illuminate\Support\Facades\DB::table('sessions')->join('users', 'users.id', '=', 'sessions.user_id')->join('roles', 'roles.id', '=', 'users.role_id')->where('users.shop_id', $shop->id)->where('roles.name', '!=', 'owner')->where('sessions.user_id', '!=', $loginUser->id)->where('sessions.last_activity', '>=', $activeWindowStart)->distinct('sessions.user_id')->count('sessions.user_id')
trusted	constraint from via>context	tenant	app/Services/Web/WebSessionSeatService.php:53	embedded	read	users	shop_id	where:via>context	ac90638fa9	\Illuminate\Support\Facades\DB::table('sessions')->join('users', 'users.id', '=', 'sessions.user_id')->join('roles', 'roles.id', '=', 'users.role_id')->where('users.shop_id', $shop->id)->where('roles.name', '!=', 'owner')->where('sessions.user_id', '!=', $loginUser->id)->where('sessions.last_activity', '>=', $activeWindowStart)->distinct('sessions.user_id')->count('sessions.user_id')
trusted	constraint from via>context	tenant	app/Services/Web/WebSessionSeatService.php:53	raw	read	sessions	convention:user_id	where:via>context	4a02bac9f6	\Illuminate\Support\Facades\DB::table('sessions')->join('users', 'users.id', '=', 'sessions.user_id')->join('roles', 'roles.id', '=', 'users.role_id')->where('users.shop_id', $shop->id)->where('roles.name', '!=', 'owner')->where('sessions.user_id', '!=', $loginUser->id)->where('sessions.last_activity', '>=', $activeWindowStart)->distinct('sessions.user_id')->count('sessions.user_id')
trusted	constraint from via>context	tenant	app/Services/Web/WebSessionSeatService.php:78	raw	read	personal_access_tokens	via:mobile_device_sessions	key:via>context	4d320bc5a3	\Illuminate\Support\Facades\DB::table('personal_access_tokens')->where('tokenable_type', \App\Models\User::class)->where('tokenable_id', $user->id)->where('name', self::MOBILE_TOKEN_NAME)->where(function ($q) use ($activeWindowStart) { $q->where('last_used_at', '>=', $activeWindowStart)->orWhere(function ($q2) use ($activeWindowStart) { $q2->whereNull('last_used_at')->where('created_at', '>=', $activeWindowStart); }); })->exists()
trusted	constraint from via>context	tenant	app/Services/Web/WebSessionSeatService.php:94	raw	read	roles	shop_id	key:via>context	a9752d063b	\Illuminate\Support\Facades\DB::table('roles')->where('id', $user->role_id)->where('name', 'owner')->exists()
earlier	read in the 11e91c3 round (handoff §7e); file unchanged since	tenant	app/Support/Realm.php:129	unscoped	read	users	shop_id	none:-	29698f2217	\App\Models\User::query()->where('mobile_number', $mobile)->where('realm', $realm)->first()
ok-platform	edition grants for the shop an admin, a verified payment or onboarding names (reinspected: conservative trust rules)	tenant	app/Support/ShopEdition.php:168	unscoped	WRITE	shop_editions	shop_id	where:via>mixed(unowned,record,?)	b4184f6698	\App\Models\ShopEditionAssignment::updateOrCreate(['shop_id' => $shop->id, 'edition' => $edition], ['source' => $source, 'product_subscription_id' => $productSubscriptionId, 'activated_at' => now(), 'activated_by' => $actor?->id, 'deactivated_at' => null, 'deactivated_by' => null, 'deactivation_reason' => null])
ok-platform	edition grants for the shop an admin, a verified payment or onboarding names (reinspected: conservative trust rules)	tenant	app/Support/ShopEdition.php:203	unscoped	read	shop_editions	shop_id	where:via>unowned	c5c92a38d0	\App\Models\ShopEditionAssignment::where('shop_id', $shop->id)->where('edition', $edition)->first()
ok-platform	edition grants for the shop an admin, a verified payment or onboarding names (reinspected: conservative trust rules)	tenant	app/Support/ShopEdition.php:214	unscoped	WRITE	shop_editions	shop_id	where:via>unowned	991d8c8bd6	\App\Models\ShopEditionAssignment::updateOrCreate(['shop_id' => $shop->id, 'edition' => $edition], ['source' => $keepStrongerSource ? $existing->source : \App\Models\ShopEditionAssignment::SOURCE_SUBSCRIPTION, 'product_subscription_id' => $productSubscriptionId, 'activated_at' => now(), 'deactivated_at' => null, 'deactivated_by' => null, 'deactivation_reason' => null])
ok-platform	edition grants for the shop an admin, a verified payment or onboarding names (reinspected: conservative trust rules)	tenant	app/Support/ShopEdition.php:239	unscoped	WRITE	shop_editions	shop_id	where:via>mixed(record,?,context)	1f642a8ef8	\App\Models\ShopEditionAssignment::where('shop_id', $shop->id)->where('edition', $edition)->whereNull('deactivated_at')->update(['deactivated_at' => now(), 'deactivated_by' => $actor?->id, 'deactivation_reason' => $reason])
ok-platform	edition grants for the shop an admin, a verified payment or onboarding names (reinspected: conservative trust rules)	tenant	app/Support/ShopEdition.php:272	unscoped	read	shop_editions	shop_id	where:via>unowned	c25927383d	\App\Models\ShopEditionAssignment::where('shop_id', $shop->id)->where('edition', $edition)->whereNull('deactivated_at')->first()
ok-platform	edition grants for the shop an admin, a verified payment or onboarding names (reinspected: conservative trust rules)	tenant	app/Support/ShopEdition.php:314	unscoped	read	shop_editions	shop_id	where:via>unowned	83c7d28538	\App\Models\ShopEditionAssignment::where('shop_id', $shop->id)->where('edition', $edition)->whereNull('deactivated_at')->first()
ok-platform	edition grants for the shop an admin, a verified payment or onboarding names (reinspected: conservative trust rules)	tenant	app/Support/ShopEdition.php:350	unscoped	read	shop_subscriptions	shop_id	where:via>unowned	9cff802fc3	\App\Models\Platform\ShopSubscription::query()->where('shop_id', $shop->id)->whereIn('status', $entitlingStatuses)->with('plan.platformProduct')
